sample_id,class_id,class_name,pixel_count,mean_difference,median_difference,std_difference,min_difference,max_difference,p90_difference
hurricane-michael_00000341,0,Background,64652,0.0973987877368927,0.0784313753247261,0.06574321538209915,0.0,0.48758170008659363,0.19738562405109406
hurricane-michael_00000341,1,No Damage,674,0.08754679560661316,0.07189542055130005,0.07297419011592865,0.003921568393707275,0.4326797425746918,0.18522875159978872
hurricane-michael_00000341,2,Minor Damage,145,0.07743069529533386,0.07058825343847275,0.050322793424129486,0.010457515716552734,0.26143792271614075,0.1270588308572769
hurricane-michael_00000341,3,Major Damage,65,0.13134238123893738,0.09019607305526733,0.09948816895484924,0.013071894645690918,0.430065393447876,0.27320261597633366
hurricane-michael_00000102,0,Background,56085,0.08720601350069046,0.07189542055130005,0.0690370574593544,0.0,0.7516339421272278,0.16993464529514313
hurricane-michael_00000102,1,No Damage,5899,0.09283681958913803,0.07581698894500732,0.08061493933200836,0.0,0.5607842803001404,0.18849675655364967
hurricane-michael_00000102,2,Minor Damage,2429,0.09396965056657791,0.07712417840957642,0.07617364078760147,0.0013071894645690918,0.5045751929283142,0.19084968268871308
hurricane-michael_00000102,3,Major Damage,950,0.09698520600795746,0.08104575425386429,0.06635011732578278,0.006535947322845459,0.46535947918891907,0.18692810833454132
hurricane-michael_00000102,4,Destroyed,173,0.15734633803367615,0.16209150850772858,0.09564109891653061,0.00784313678741455,0.40522876381874084,0.28810458779335024
hurricane-michael_00000446,0,Background,58892,0.08798619359731674,0.07189542800188065,0.08250801265239716,0.0,0.7647058963775635,0.19594770222902488
hurricane-michael_00000446,1,No Damage,4236,0.10998012870550156,0.08496731519699097,0.0992310643196106,0.0026143789291381836,0.6483659744262695,0.2222222536802292
hurricane-michael_00000446,2,Minor Damage,1177,0.13962827622890472,0.10980392247438431,0.1119796484708786,0.0026143789291381836,0.5908496975898743,0.3181699156761171
hurricane-michael_00000446,3,Major Damage,1231,0.1445777267217636,0.1424836665391922,0.08367177844047546,0.0026143789291381836,0.4575163424015045,0.24836601316928864
hurricane-florence_00000510,0,Background,64326,0.08711910992860794,0.06535948067903519,0.07230323553085327,0.0026143789291381836,0.569934606552124,0.17777778208255768
hurricane-florence_00000510,1,No Damage,1198,0.1159394159913063,0.08235294371843338,0.10525750368833542,0.0026143789291381836,0.6379084587097168,0.2644444495439529
hurricane-florence_00000510,4,Destroyed,12,0.19150327146053314,0.19281044602394104,0.1037885770201683,0.016993463039398193,0.3189542591571808,0.3095424950122833
santa-rosa-wildfire_00000084,0,Background,50783,0.07555387914180756,0.05359477177262306,0.06535453349351883,0.0,0.43921568989753723,0.17254900932312012
santa-rosa-wildfire_00000084,1,No Damage,971,0.045384109020233154,0.03006535768508911,0.03989636152982712,0.0013071894645690918,0.24444444477558136,0.10849674791097641
santa-rosa-wildfire_00000084,4,Destroyed,13782,0.14003385603427887,0.13856209814548492,0.0743376612663269,0.0026143789291381836,0.43660131096839905,0.239215686917305
hurricane-michael_00000358,0,Background,62711,0.07804033160209656,0.06013071909546852,0.05997423082590103,0.0,0.6980392336845398,0.1581699252128601
hurricane-michael_00000358,1,No Damage,2186,0.10185853391885757,0.08104574680328369,0.081563301384449,0.0,0.5241829752922058,0.21045751869678497
hurricane-michael_00000358,2,Minor Damage,398,0.16635465621948242,0.1254901885986328,0.1385943591594696,0.006535947322845459,0.6967320442199707,0.3563398689031601
hurricane-michael_00000358,3,Major Damage,241,0.08463644981384277,0.06405230611562729,0.06908882409334183,0.003921568393707275,0.40522876381874084,0.1738562136888504
hurricane-michael_00000142,0,Background,60170,0.06019357219338417,0.044444452971220016,0.04929818958044052,0.0,0.5673202872276306,0.1254901885986328
hurricane-michael_00000142,1,No Damage,3852,0.05992472916841507,0.04967319965362549,0.04989617317914963,0.0013071894645690918,0.4718954563140869,0.1124182939529419
hurricane-michael_00000142,2,Minor Damage,1060,0.07212603837251663,0.06209150701761246,0.05327486991882324,0.0013071894645690918,0.2967320382595062,0.13986928761005402
hurricane-michael_00000142,3,Major Damage,438,0.06150655075907707,0.049673207104206085,0.04211994260549545,0.005228757858276367,0.19346404075622559,0.12287583202123642
hurricane-michael_00000142,4,Destroyed,16,0.11666666716337204,0.10457517951726913,0.060669124126434326,0.04183006286621094,0.24836604297161102,0.1895424872636795
socal-fire_00000013,0,Background,65536,0.05177738144993782,0.03921569511294365,0.04189988970756531,0.0,0.4549020230770111,0.1111111044883728
socal-fire_00000277,0,Background,65536,0.03721967712044716,0.023529410362243652,0.044562291353940964,0.0,0.5895425081253052,0.07973857969045639
hurricane-michael_00000380,0,Background,65536,0.07342281937599182,0.054901961237192154,0.06427115201950073,0.0,0.5816993713378906,0.15163397789001465
hurricane-michael_00000196,0,Background,59240,0.08036025613546371,0.0627450942993164,0.06495513767004013,0.0013071894645690918,0.6666666865348816,0.16209150850772858
hurricane-michael_00000196,1,No Damage,2894,0.09987487643957138,0.07189542055130005,0.09517145156860352,0.0,0.626143753528595,0.22091502994298934
hurricane-michael_00000196,2,Minor Damage,1819,0.10614968836307526,0.08366012573242188,0.08529364317655563,0.003921568393707275,0.5568627715110779,0.21960783302783965
hurricane-michael_00000196,3,Major Damage,1303,0.10471862554550171,0.08235293626785278,0.08444999158382416,0.0013071894645690918,0.4431372582912445,0.23503270447254174
hurricane-michael_00000196,4,Destroyed,280,0.14110177755355835,0.1267973780632019,0.0980612188577652,0.006535947322845459,0.3816993534564972,0.28901962041854856
hurricane-michael_00000269,0,Background,62683,0.30803585052490234,0.31111112236976624,0.18072597682476044,0.0013071894645690918,0.9712417721748352,0.5320262312889099
hurricane-michael_00000269,1,No Damage,1751,0.10648107528686523,0.07843136787414551,0.10423824936151505,0.0,0.5398693084716797,0.2692810595035553
hurricane-michael_00000269,2,Minor Damage,425,0.08782467991113663,0.06535948067903519,0.07671301066875458,0.0026143789291381836,0.40392160415649414,0.19633985757827765
hurricane-michael_00000269,3,Major Damage,375,0.12292809784412384,0.09019609540700912,0.09749127924442291,0.005228757858276367,0.44967326521873474,0.26823530793190026
hurricane-michael_00000269,4,Destroyed,302,0.09087131172418594,0.07254903018474579,0.06496672332286835,0.003921573515981436,0.3006536066532135,0.19150327146053336
santa-rosa-wildfire_00000155,0,Background,47481,0.07200612872838974,0.049673210829496384,0.0649963766336441,0.0,0.45228758454322815,0.16470587253570557
santa-rosa-wildfire_00000155,1,No Damage,5028,0.04112083464860916,0.03398692607879639,0.03247161954641342,0.0,0.30849674344062805,0.0797385573387146
santa-rosa-wildfire_00000155,2,Minor Damage,75,0.019904140383005142,0.0156862735748291,0.014431392773985863,0.0026143789291381836,0.05620914697647095,0.04575163125991821
santa-rosa-wildfire_00000155,4,Destroyed,12952,0.14911609888076782,0.14771242439746857,0.07645890861749649,0.0,0.4287582337856293,0.250980406999588
santa-rosa-wildfire_00000320,0,Background,65536,0.11180433630943298,0.09673202037811279,0.06938159465789795,0.0013071894645690918,0.4418300688266754,0.21176470816135406
hurricane-harvey_00000515,0,Background,61125,0.06906021386384964,0.05228757858276367,0.059082724153995514,0.0,0.5777777433395386,0.1437908560037613
hurricane-harvey_00000515,1,No Damage,4411,0.08227025717496872,0.045751649886369705,0.0914059653878212,0.0,0.6248366236686707,0.19869284331798553
santa-rosa-wildfire_00000129,0,Background,54064,0.062045615166425705,0.048366013914346695,0.05008712038397789,0.0,0.4758169949054718,0.12156864255666733
santa-rosa-wildfire_00000129,1,No Damage,1186,0.054157983511686325,0.047058820724487305,0.03591584414243698,0.003921568393707275,0.2666666805744171,0.10065359249711037
santa-rosa-wildfire_00000129,2,Minor Damage,33,0.09962368756532669,0.09673202782869339,0.06543608754873276,0.00784313678741455,0.2705882489681244,0.17856209278106688
santa-rosa-wildfire_00000129,4,Destroyed,10253,0.12915271520614624,0.11372548341751099,0.08689554780721664,0.0026143789291381836,0.5006535649299622,0.2549019753932953
socal-fire_00000572,0,Background,65536,0.06755797564983368,0.06666667014360428,0.011001724749803543,0.0013071894645690918,0.13986927270889282,0.0797385647892952
palu-tsunami_00000189,0,Background,60839,0.09638828784227371,0.08104575425386429,0.06870564073324203,0.0,0.46797385811805725,0.20000000298023224
palu-tsunami_00000189,1,No Damage,2722,0.07805823534727097,0.05882353335618973,0.06845848262310028,0.0013071894645690918,0.6026144027709961,0.16339869797229767
palu-tsunami_00000189,3,Major Damage,389,0.05410555377602577,0.03790849447250366,0.056087642908096313,0.0,0.4091503620147705,0.11895424276590347
palu-tsunami_00000189,4,Destroyed,1586,0.11097347736358643,0.09281046688556671,0.08143062889575958,0.0013071894645690918,0.6104574799537659,0.19869284331798553
socal-fire_00000151,0,Background,65536,0.03193730115890503,0.011764705181121826,0.04657410830259323,0.0,0.5333333611488342,0.09411764144897461
santa-rosa-wildfire_00000103,0,Background,61530,0.08187826722860336,0.06535948067903519,0.05940353497862816,0.0,0.5673202872276306,0.16209149360656738
santa-rosa-wildfire_00000103,1,No Damage,2261,0.1085059866309166,0.058823537081480026,0.11467321962118149,0.0026143789291381836,0.6431372761726379,0.270588219165802
santa-rosa-wildfire_00000103,2,Minor Damage,97,0.06697661429643631,0.07320261001586914,0.03374754637479782,0.005228757858276367,0.16601309180259705,0.10640523880720139
santa-rosa-wildfire_00000103,3,Major Damage,200,0.10941830277442932,0.0869280993938446,0.07992593944072723,0.01437908411026001,0.4431372582912445,0.2132026195526123
santa-rosa-wildfire_00000103,4,Destroyed,1448,0.1217428594827652,0.10065361112356186,0.0865698754787445,0.0013071894645690918,0.45228758454322815,0.24967320263385773
mexico-earthquake_00000096,0,Background,65185,0.04538380727171898,0.03660130500793457,0.03365457057952881,0.0,0.27450981736183167,0.09281045198440552
mexico-earthquake_00000096,1,No Damage,351,0.0681488960981369,0.0640522837638855,0.04181404039263725,0.006535947322845459,0.22745098173618317,0.12287580966949463
socal-fire_00000915,0,Background,65536,0.047757212072610855,0.033986929804086685,0.042416177690029144,0.0,0.49542486667633057,0.10196077823638916
santa-rosa-wildfire_00000250,0,Background,62641,0.10725707560777664,0.08627451211214066,0.08011755347251892,0.0,0.7568628191947937,0.21699346601963043
santa-rosa-wildfire_00000250,1,No Damage,254,0.13613297045230865,0.08431372046470642,0.12469688057899475,0.0013071894645690918,0.5673202872276306,0.3094117760658264
santa-rosa-wildfire_00000250,2,Minor Damage,65,0.1838712990283966,0.16209149360656738,0.11316025257110596,0.04575163125991821,0.4575163424015045,0.32967321276664735
santa-rosa-wildfire_00000250,4,Destroyed,2576,0.2495782971382141,0.1921568661928177,0.1805623173713684,0.003921568393707275,0.8692810535430908,0.5385621190071106
hurricane-harvey_00000344,0,Background,62818,0.03595089539885521,0.0,0.05636594817042351,0.0,0.5254902243614197,0.11895424127578735
hurricane-harvey_00000344,1,No Damage,1800,0.07102396339178085,0.058823537081480026,0.05094311758875847,0.003921568393707275,0.32287582755088806,0.142483651638031
hurricane-harvey_00000344,2,Minor Damage,918,0.06796673685312271,0.053594768047332764,0.05435105785727501,0.0026143789291381836,0.29411765933036804,0.1467973768711091
santa-rosa-wildfire_00000191,0,Background,65185,0.11293228715658188,0.09281045943498611,0.07730519771575928,0.0,0.6562091708183289,0.22745096683502197
santa-rosa-wildfire_00000191,4,Destroyed,351,0.19136734306812286,0.18431371450424194,0.07624106854200363,0.026143789291381836,0.5477123856544495,0.2679738700389862
hurricane-harvey_00000261,0,Background,65179,0.14100417494773865,0.14509804546833038,0.049768056720495224,0.0,0.671895444393158,0.20130719244480133
hurricane-harvey_00000261,3,Major Damage,357,0.13246919214725494,0.12418300658464432,0.08608506619930267,0.0026143789291381836,0.43529415130615234,0.24339870512485517
hurricane-michael_00000208,0,Background,64421,0.08138363808393478,0.062745101749897,0.06477490067481995,0.0,0.5581700205802917,0.17124181985855103
hurricane-michael_00000208,1,No Damage,743,0.10740593820810318,0.09281045198440552,0.07832223176956177,0.003921568393707275,0.4130719006061554,0.21464051306247747
hurricane-michael_00000208,2,Minor Damage,327,0.08425576239824295,0.08366014808416367,0.05173011124134064,0.0013071894645690918,0.3019607961177826,0.15006538033485423
hurricane-michael_00000208,3,Major Damage,45,0.1958169937133789,0.16470588743686676,0.13818520307540894,0.003921568393707275,0.4745098054409027,0.3916339635849
socal-fire_00000923,0,Background,65385,0.0527065135538578,0.041830066591501236,0.040978044271469116,0.0,0.40130722522735596,0.10718954354524612
socal-fire_00000923,1,No Damage,50,0.06298039853572845,0.03660131245851517,0.07568646967411041,0.010457515716552734,0.3464052379131317,0.124967334419489
socal-fire_00000923,4,Destroyed,101,0.11367370933294296,0.09934640675783157,0.08585105836391449,0.00784313678741455,0.3777778148651123,0.21699349582195282
santa-rosa-wildfire_00000249,0,Background,64865,0.1222839280962944,0.10196077823638916,0.08508703857660294,0.0,0.5202614665031433,0.24444444477558136
santa-rosa-wildfire_00000249,1,No Damage,11,0.13107545673847198,0.13071896135807037,0.06001458689570427,0.04183006286621094,0.2392156720161438,0.21960784494876862
santa-rosa-wildfire_00000249,4,Destroyed,660,0.17725887894630432,0.15032680332660675,0.11295658349990845,0.013071894645690918,0.6287581324577332,0.3398692637681961
socal-fire_00000252,0,Background,65297,0.017488716170191765,0.009150326251983643,0.027433963492512703,0.0,0.41830065846443176,0.03790849447250366
socal-fire_00000252,1,No Damage,239,0.08046599477529526,0.054901957511901855,0.07741647213697433,0.0026143789291381836,0.4588235318660736,0.18980395495891583
hurricane-matthew_00000102,0,Background,64672,0.06857369840145111,0.05359477177262306,0.06386719644069672,0.0,0.6784313321113586,0.15555554628372192
hurricane-matthew_00000102,1,No Damage,95,0.09732368588447571,0.07712418586015701,0.0655207559466362,0.005228757858276367,0.2810457646846771,0.18849673569202424
hurricane-matthew_00000102,2,Minor Damage,631,0.12818123400211334,0.09281045198440552,0.1133815124630928,0.005228757858276367,0.6052287220954895,0.3045751750469208
hurricane-matthew_00000102,3,Major Damage,124,0.13978494703769684,0.14379087090492249,0.07462747395038605,0.013071894645690918,0.29411765933036804,0.2418300613760948
hurricane-matthew_00000102,4,Destroyed,14,0.13202615082263947,0.13725489377975464,0.09254706650972366,0.0156862735748291,0.29019609093666077,0.2555555656552315
hurricane-michael_00000003,0,Background,62022,0.056869927793741226,0.044444452971220016,0.045258719474077225,0.0,0.5346404910087585,0.11241831630468369
hurricane-michael_00000003,2,Minor Damage,3277,0.13126066327095032,0.13202615082263947,0.06114736199378967,0.0013071894645690918,0.3333333432674408,0.21045751869678497
hurricane-michael_00000003,3,Major Damage,215,0.12607388198375702,0.13464051485061646,0.062140218913555145,0.005228757858276367,0.2549019753932953,0.20078430771827696
hurricane-michael_00000003,4,Destroyed,22,0.16547831892967224,0.16209149360656738,0.09254618734121323,0.02091503143310547,0.3189542591571808,0.3022222340106965
palu-tsunami_00000178,0,Background,44502,0.09658754616975784,0.06666666269302368,0.08933437615633011,0.0,0.7150326371192932,0.2209150344133377
palu-tsunami_00000178,1,No Damage,13034,0.07552394270896912,0.053594768047332764,0.07259223610162735,0.0,0.6653594970703125,0.16339869797229767
palu-tsunami_00000178,3,Major Damage,108,0.07781408727169037,0.05228757858276367,0.09310346096754074,0.0026143789291381836,0.5032679438591003,0.16339870840311047
palu-tsunami_00000178,4,Destroyed,7892,0.11420352011919022,0.09150328487157822,0.08834531903266907,0.0026143789291381836,0.6705882549285889,0.21830065548419952
hurricane-harvey_00000157,0,Background,65518,0.04108951985836029,0.03660130500793457,0.024530883878469467,0.0,0.38823530077934265,0.07320261746644974
hurricane-harvey_00000157,3,Major Damage,18,0.24175746738910675,0.20130719244480133,0.1336444467306137,0.030065366998314857,0.48496735095977783,0.4267973899841309
hurricane-florence_00000008,0,Background,63601,0.13872841000556946,0.12026143074035645,0.08362101763486862,0.0026143789291381836,0.6928105354309082,0.26405227184295654
hurricane-florence_00000008,1,No Damage,1935,0.1600438952445984,0.1738562136888504,0.09177657961845398,0.0013071894645690918,0.5607843399047852,0.2627451002597809
hurricane-harvey_00000440,0,Background,53422,0.07279714196920395,0.05359477177262306,0.06771614402532578,0.0,0.6483659744262695,0.15032680183649064
hurricane-harvey_00000440,1,No Damage,4442,0.13042938709259033,0.07450980693101883,0.1412154585123062,0.0013071894645690918,0.6535947918891907,0.36326798200607313
hurricane-harvey_00000440,2,Minor Damage,1575,0.076686792075634,0.056209150701761246,0.07061625272035599,0.003921568393707275,0.5228758454322815,0.15686273574829102
hurricane-harvey_00000440,3,Major Damage,6097,0.18283182382583618,0.1437908411026001,0.1433401107788086,0.0013071894645690918,0.6366012692451477,0.40130719542503357
hurricane-michael_00000172,0,Background,56365,0.06879439949989319,0.050980400294065475,0.05830308049917221,0.0,0.6457516551017761,0.14640522003173828
hurricane-michael_00000172,1,No Damage,6041,0.084214948117733,0.061437904834747314,0.08209384232759476,0.0013071894645690918,0.597385585308075,0.1725490540266037
hurricane-michael_00000172,2,Minor Damage,2791,0.09055952727794647,0.06797385960817337,0.07251794636249542,0.0013071894645690918,0.46928104758262634,0.19999998807907104
hurricane-michael_00000172,3,Major Damage,339,0.10439393669366837,0.08627451211214066,0.07368332892656326,0.005228757858276367,0.29019609093666077,0.21437909305095673
midwest-flooding_00000444,0,Background,65034,0.06087639927864075,0.04444444179534912,0.05482190474867821,0.0,0.7503268122673035,0.12418300658464432
midwest-flooding_00000444,1,No Damage,493,0.12748678028583527,0.11372549086809158,0.08106625080108643,0.01437908411026001,0.4562091827392578,0.2507189422845841
midwest-flooding_00000444,3,Major Damage,9,0.1057371124625206,0.09019607305526733,0.05491386726498604,0.04575164243578911,0.20261438190937042,0.17124183475971222
socal-fire_00000079,0,Background,65536,0.05584469437599182,0.040522873401641846,0.05474800616502762,0.0,0.6352941393852234,0.11503267288208008
midwest-flooding_00000346,0,Background,64048,0.04467317461967468,0.0,0.067584328353405,0.0,0.8339869379997253,0.14640522003173828
midwest-flooding_00000346,2,Minor Damage,178,0.09360358119010925,0.06535947322845459,0.07137497514486313,0.005228757858276367,0.3450980484485626,0.2185621231794358
midwest-flooding_00000346,3,Major Damage,1051,0.12079625576734543,0.09019607305526733,0.10461379587650299,0.0,0.6209149956703186,0.2562091648578644
midwest-flooding_00000346,4,Destroyed,259,0.20910994708538055,0.20915035903453827,0.11963097751140594,0.010457515716552734,0.640522837638855,0.3545098125934601
hurricane-matthew_00000232,0,Background,65491,0.061069305986166,0.048366010189056396,0.04810662195086479,0.0,0.5686275362968445,0.12418300658464432
hurricane-matthew_00000232,2,Minor Damage,12,0.10827887803316116,0.10065360367298126,0.059257254004478455,0.02483660914003849,0.20130717754364014,0.19450979232788088
hurricane-matthew_00000232,3,Major Damage,16,0.07475490123033524,0.06143791973590851,0.05089488625526428,0.0156862735748291,0.24183006584644318,0.1183006539940834
hurricane-matthew_00000232,4,Destroyed,17,0.13379469513893127,0.13202613592147827,0.08288634568452835,0.027450984343886375,0.2692810595035553,0.24836603701114654
palu-tsunami_00000102,0,Background,62855,0.059505853801965714,0.0470588244497776,0.04706328734755516,0.0013071894645690918,0.611764669418335,0.11372550576925278
palu-tsunami_00000102,1,No Damage,2681,0.10330405086278915,0.08496732264757156,0.0795857384800911,0.0026143789291381836,0.5673202872276306,0.2052287608385086
santa-rosa-wildfire_00000185,0,Background,62595,0.049079760909080505,0.03790849447250366,0.041546110063791275,0.0,0.49934640526771545,0.10065359622240067
santa-rosa-wildfire_00000185,1,No Damage,2941,0.04813622310757637,0.04575163125991821,0.028636228293180466,0.0,0.3189542293548584,0.08366012573242188
hurricane-florence_00000478,0,Background,64502,0.06202347204089165,0.05228758230805397,0.04576978087425232,0.0,0.6392156481742859,0.11764705181121826
hurricane-florence_00000478,1,No Damage,961,0.0809750184416771,0.05882352963089943,0.07801707834005356,0.0,0.530718982219696,0.18300653994083405
hurricane-florence_00000478,3,Major Damage,73,0.07162681967020035,0.0640522912144661,0.04157521575689316,0.009150326251983643,0.21176473796367645,0.10823528915643692
socal-fire_00001107,0,Background,65536,0.055138420313596725,0.041830066591501236,0.04672297090291977,0.0,0.4065359830856323,0.11764705926179886
socal-fire_00001283,0,Background,65536,0.06240744888782501,0.048366010189056396,0.0526210218667984,0.0,0.4405229091644287,0.13333332538604736
hurricane-florence_00000320,0,Background,65008,0.11568703502416611,0.0784313753247261,0.09396380931138992,0.0,0.4248366057872772,0.2549019753932953
hurricane-florence_00000320,1,No Damage,391,0.090413399040699,0.057516347616910934,0.11681623756885529,0.0,0.640522837638855,0.15294116735458374
hurricane-florence_00000320,2,Minor Damage,137,0.16594626009464264,0.10849672555923462,0.14796414971351624,0.011764705181121826,0.584313690662384,0.38875817656517037
hurricane-florence_00000146,0,Background,65406,0.03608301654458046,0.019607843831181526,0.05518176406621933,0.0,0.7346405386924744,0.08758170157670975
hurricane-florence_00000146,3,Major Damage,130,0.06790347397327423,0.037254899740219116,0.07400769740343094,0.010457515716552734,0.33986929059028625,0.16522874981164937
hurricane-harvey_00000439,0,Background,45811,0.07291670143604279,0.062745101749897,0.051384128630161285,0.0,0.5176470279693604,0.13986927270889282
hurricane-harvey_00000439,1,No Damage,461,0.05828193947672844,0.048366010189056396,0.04273092374205589,0.0013071894645690918,0.2732026278972626,0.11633988469839096
hurricane-harvey_00000439,2,Minor Damage,5563,0.05417187884449959,0.03790849447250366,0.04818353056907654,0.0,0.4078432023525238,0.12130718678236031
hurricane-harvey_00000439,3,Major Damage,13701,0.05782536789774895,0.04313725233078003,0.04947400465607643,0.0013071894645690918,0.4431372582912445,0.12287580966949463
hurricane-matthew_00000261,0,Background,65451,0.06527356058359146,0.05359477177262306,0.04946890100836754,0.0,0.5503267645835876,0.13333332538604736
hurricane-matthew_00000261,1,No Damage,8,0.043790850788354874,0.032679736614227295,0.02942628413438797,0.022222226485610008,0.11633986234664917,0.07607842944562435
hurricane-matthew_00000261,2,Minor Damage,60,0.13636164367198944,0.12352941185235977,0.09629102051258087,0.02091503143310547,0.43921568989753723,0.2644444316625595
hurricane-matthew_00000261,3,Major Damage,17,0.06166858598589897,0.05228757858276367,0.04051229730248451,0.0156862735748291,0.19346405565738678,0.09620914459228516
socal-fire_00001078,0,Background,65224,0.04367400333285332,0.033986929804086685,0.03667500615119934,0.0,0.5150327086448669,0.09019607305526733
socal-fire_00001078,1,No Damage,294,0.07515450567007065,0.0640522912144661,0.058742329478263855,0.005228757858276367,0.4235294759273529,0.12771241515874862
socal-fire_00001078,4,Destroyed,18,0.12628903985023499,0.13464051485061646,0.0815468579530716,0.0156862735748291,0.30588236451148987,0.23320260494947434
mexico-earthquake_00000047,0,Background,48580,0.09297293424606323,0.07320261746644974,0.07254932075738907,0.0,0.6196078658103943,0.19738560914993286
mexico-earthquake_00000047,1,No Damage,16956,0.15758465230464935,0.13071896135807037,0.12003401666879654,0.0013071894645690918,0.7084967494010925,0.3176470696926117
hurricane-michael_00000104,0,Background,62924,0.20892919600009918,0.13464051485061646,0.17325028777122498,0.0,0.6483660340309143,0.47058820724487305
hurricane-michael_00000104,1,No Damage,1813,0.09824470430612564,0.07581700384616852,0.09413116425275803,0.0013071894645690918,0.6549019813537598,0.19477124512195587
hurricane-michael_00000104,2,Minor Damage,514,0.08346431702375412,0.07843136787414551,0.05175986513495445,0.0013071894645690918,0.45228755474090576,0.14653595387935633
hurricane-michael_00000104,3,Major Damage,241,0.07782930880784988,0.05359477922320366,0.06242777779698372,0.003921568393707275,0.2875817120075226,0.17124183475971222
hurricane-michael_00000104,4,Destroyed,44,0.060754600912332535,0.04313725233078003,0.04880841448903084,0.005228757858276367,0.2235294133424759,0.12614381089806562
socal-fire_00000969,0,Background,65536,0.045060042291879654,0.03529411926865578,0.0356588251888752,0.0,0.46535947918891907,0.09281047433614731
midwest-flooding_00000024,0,Background,48203,0.07033416628837585,0.05359477922320366,0.05783700570464134,0.0,0.5973856449127197,0.14640522003173828
midwest-flooding_00000024,1,No Damage,17333,0.07774259895086288,0.05882352963089943,0.06823790073394775,0.0,0.6954248547554016,0.15555556118488312
socal-fire_00000237,0,Background,63172,0.048245396465063095,0.03790849819779396,0.03995911777019501,0.0,0.46666669845581055,0.09673202037811279
socal-fire_00000237,1,No Damage,2364,0.0740668848156929,0.04313725233078003,0.07512333244085312,0.0026143789291381836,0.5803921222686768,0.18300653547048568
hurricane-michael_00000430,0,Background,61312,0.07161472737789154,0.053594768047332764,0.06035556271672249,0.0,0.4588235318660736,0.1568627655506134
hurricane-michael_00000430,1,No Damage,506,0.08357745409011841,0.03790849447250366,0.0922108069062233,0.0013071894645690918,0.3790849447250366,0.2379084825515747
hurricane-michael_00000430,2,Minor Damage,235,0.11513280868530273,0.0941176638007164,0.0866299718618393,0.005228757858276367,0.48758170008659363,0.21385619640350342
hurricane-michael_00000430,3,Major Damage,3483,0.09350365400314331,0.0627450942993164,0.08684758841991425,0.0013071894645690918,0.46535953879356384,0.22222222089767457
hurricane-harvey_00000016,0,Background,56116,0.08489597588777542,0.0797385647892952,0.05404328927397728,0.0013071894645690918,0.4588235318660736,0.15032680332660675
hurricane-harvey_00000016,1,No Damage,9420,0.049979325383901596,0.0313725508749485,0.053270574659109116,0.0,0.4928104877471924,0.11764705926179886
hurricane-matthew_00000066,0,Background,60401,0.08098184317350388,0.06928104907274246,0.061591919511556625,0.0,0.6339869499206543,0.1594771146774292
hurricane-matthew_00000066,1,No Damage,855,0.10247142612934113,0.08104575425386429,0.08265890926122665,0.005228757858276367,0.5333333611488342,0.2172548949718476
hurricane-matthew_00000066,2,Minor Damage,4233,0.10211333632469177,0.07581698894500732,0.08932583779096603,0.0,0.5594770908355713,0.22614379227161407
hurricane-matthew_00000066,3,Major Damage,47,0.09917954355478287,0.09150328487157822,0.06076681241393089,0.010457525961101055,0.25882354378700256,0.18901961147785187
santa-rosa-wildfire_00000309,0,Background,56810,0.05054269731044769,0.039215683937072754,0.04058162868022919,0.0,0.5189542174339294,0.10457515716552734
santa-rosa-wildfire_00000309,1,No Damage,8726,0.048778124153614044,0.03529411554336548,0.04363122954964638,0.0013071894645690918,0.4431372582912445,0.10196078568696976
socal-fire_00000203,0,Background,65536,0.056328170001506805,0.04313725233078003,0.04840002581477165,0.0,0.5359477400779724,0.11764705181121826
socal-fire_00000960,0,Background,63334,0.06503970175981522,0.03921568766236305,0.06411746144294739,0.0,0.7241830229759216,0.16339868307113647
socal-fire_00000960,1,No Damage,2202,0.09901396185159683,0.06928104162216187,0.09566953033208847,0.0013071894645690918,0.6627450585365295,0.22614379078149796
santa-rosa-wildfire_00000101,0,Background,58555,0.049239374697208405,0.03660130500793457,0.04475432634353638,0.0,0.6039215922355652,0.09934640675783157
santa-rosa-wildfire_00000101,1,No Damage,6981,0.04400290548801422,0.032679736614227295,0.036799654364585876,0.0,0.3202614486217499,0.09019608050584793
socal-fire_00000767,0,Background,55615,0.05111706629395485,0.03660130500793457,0.05154253914952278,0.0,0.6352941393852234,0.10980391502380371
socal-fire_00000767,1,No Damage,9921,0.06162829324603081,0.039215683937072754,0.06820360571146011,0.0,0.5960784554481506,0.14379087090492249
santa-rosa-wildfire_00000251,0,Background,62751,0.079849474132061,0.06535949558019638,0.05683565512299538,0.0013071894645690918,0.7934640049934387,0.15294118225574493
santa-rosa-wildfire_00000251,1,No Damage,272,0.05897251144051552,0.05490196496248245,0.029597802087664604,0.009150326251983643,0.18431372940540314,0.09411766231060029
santa-rosa-wildfire_00000251,4,Destroyed,2513,0.17300520837306976,0.16209150850772858,0.10458575934171677,0.009150326251983643,0.49542486667633057,0.32679739594459534
mexico-earthquake_00000126,0,Background,43714,0.06045328825712204,0.04575163125991821,0.053746748715639114,0.0,0.6026144027709961,0.1254901885986328
mexico-earthquake_00000126,1,No Damage,21822,0.08474688231945038,0.0627450942993164,0.07518196105957031,0.0,0.5633987188339233,0.1764705777168274
socal-fire_00000727,0,Background,65536,0.07133065164089203,0.04967320337891579,0.06675077229738235,0.0,0.644444465637207,0.1594771146774292
socal-fire_00001233,0,Background,62803,0.2549957036972046,0.20000000298023224,0.24147188663482666,0.0,1.0,0.5764706134796143
socal-fire_00001233,1,No Damage,2733,0.08999471366405487,0.05490196868777275,0.09224101901054382,0.0,0.5385620594024658,0.2245751887559893
hurricane-michael_00000458,0,Background,59715,0.07274920493364334,0.05228757858276367,0.06532025337219238,0.0,0.6915032863616943,0.15555556118488312
hurricane-michael_00000458,1,No Damage,4949,0.06924459338188171,0.03790849447250366,0.08988960087299347,0.0026143789291381836,0.7385621070861816,0.16339869797229767
hurricane-michael_00000458,2,Minor Damage,872,0.09727618843317032,0.060784317553043365,0.0991639643907547,0.006535947322845459,0.6052287220954895,0.22470588386058804
mexico-earthquake_00000009,0,Background,45312,0.07547222077846527,0.05620914697647095,0.06935589015483856,0.0,0.6679738163948059,0.1568627506494522
mexico-earthquake_00000009,1,No Damage,20224,0.10410404205322266,0.0797385647892952,0.09195998311042786,0.0,0.8640522956848145,0.20392157137393951
guatemala-volcano_00000001,0,Background,65371,0.08452264219522476,0.0640522912144661,0.06751890480518341,0.0,0.4091503322124481,0.19477124512195587
guatemala-volcano_00000001,2,Minor Damage,165,0.07664091885089874,0.07320261746644974,0.045034755021333694,0.009150326251983643,0.2692810595035553,0.11660130023956297
socal-fire_00000464,0,Background,65536,0.05046255141496658,0.03790849819779396,0.0431610643863678,0.0,0.38562092185020447,0.10718953609466553
palu-tsunami_00000048,0,Background,60505,0.07106722891330719,0.04575163125991821,0.06872230023145676,0.0,0.7098039984703064,0.15294118225574493
palu-tsunami_00000048,1,No Damage,4769,0.08864439278841019,0.06405229866504669,0.07827739417552948,0.0,0.5398692488670349,0.1921568512916565
palu-tsunami_00000048,3,Major Damage,97,0.21742470562458038,0.24705882370471954,0.11716312915086746,0.016993463039398193,0.42091503739356995,0.3448366105556488
palu-tsunami_00000048,4,Destroyed,165,0.11635570973157883,0.10196078568696976,0.06433549523353577,0.003921568393707275,0.35163402557373047,0.20862747132778167
hurricane-michael_00000543,0,Background,60837,0.05738137662410736,0.04313725605607033,0.051354896277189255,0.0,0.6967320442199707,0.11633988469839096
hurricane-michael_00000543,1,No Damage,4542,0.05500442162156105,0.04313725233078003,0.046043407171964645,0.0013071894645690918,0.41960784792900085,0.1111111119389534
hurricane-michael_00000543,2,Minor Damage,157,0.03209691494703293,0.024836599826812744,0.025140568614006042,0.0,0.1267973929643631,0.06823530346155168
hurricane-matthew_00000090,0,Background,64182,0.08514703810214996,0.06535948067903519,0.07180142402648926,0.0,0.6705882549285889,0.18039216101169586
hurricane-matthew_00000090,2,Minor Damage,1030,0.14012311398983002,0.11372548341751099,0.10588811337947845,0.005228757858276367,0.512418270111084,0.29686275720596317
hurricane-matthew_00000090,3,Major Damage,261,0.13928331434726715,0.10980391502380371,0.10800987482070923,0.005228762980550528,0.5294117331504822,0.3006535768508911
hurricane-matthew_00000090,4,Destroyed,63,0.07266313582658768,0.058823537081480026,0.054019272327423096,0.006535947322845459,0.24444444477558136,0.12941176891326905
socal-fire_00000955,0,Background,65536,0.06241065636277199,0.04575163498520851,0.05466499552130699,0.0,0.6326797604560852,0.13594770431518555
palu-tsunami_00000142,0,Background,64902,0.06889331340789795,0.05228757858276367,0.0573396235704422,0.0013071894645690918,0.5111110806465149,0.1450980305671692
palu-tsunami_00000142,1,No Damage,257,0.17079423367977142,0.16470587253570557,0.11744840443134308,0.003921568393707275,0.5882352590560913,0.31660131812095643
palu-tsunami_00000142,3,Major Damage,20,0.12267972528934479,0.11764705181121826,0.08479849994182587,0.016993463039398193,0.2993464171886444,0.2713725328445435
palu-tsunami_00000142,4,Destroyed,357,0.13423408567905426,0.12287581712007523,0.09190793335437775,0.005228757858276367,0.4248366057872772,0.2619607985019684
hurricane-matthew_00000211,0,Background,65151,0.09202869981527328,0.06928104907274246,0.08149831742048264,0.0,0.7281045913696289,0.19346405565738678
hurricane-matthew_00000211,2,Minor Damage,99,0.10009902715682983,0.0797385647892952,0.07221081107854843,0.011764705181121826,0.3294117748737335,0.22692810595035554
hurricane-matthew_00000211,3,Major Damage,52,0.10065360367298126,0.09019608795642853,0.05197303742170334,0.011764705181121826,0.239215686917305,0.17346405982971191
hurricane-matthew_00000211,4,Destroyed,234,0.11721133440732956,0.09411764144897461,0.08706758916378021,0.0013071894645690918,0.38692811131477356,0.23398692905902863
hurricane-harvey_00000292,0,Background,57106,0.11850285530090332,0.11372549086809158,0.06348478049039841,0.0013071894645690918,0.7019608020782471,0.18692810833454132
hurricane-harvey_00000292,1,No Damage,8430,0.05821490287780762,0.043137263506650925,0.049956247210502625,0.0013071894645690918,0.4562091827392578,0.12156862765550613
socal-fire_00000507,0,Background,59315,0.0583149790763855,0.04183007404208183,0.052634093910455704,0.0,0.5673202872276306,0.1267973929643631
socal-fire_00000507,1,No Damage,6221,0.05449705198407173,0.035294126719236374,0.053368259221315384,0.0,0.4287581741809845,0.1294117569923401
hurricane-michael_00000514,0,Background,63335,0.04457955062389374,0.016993483528494835,0.05638471245765686,0.0,0.7921568751335144,0.1111111044883728
hurricane-michael_00000514,1,No Damage,1887,0.07581076771020889,0.04575163125991821,0.08506637066602707,0.0013071894645690918,0.5477123856544495,0.1738561987876892
hurricane-michael_00000514,2,Minor Damage,80,0.04802287369966507,0.04379085451364517,0.028028277680277824,0.006535952445119619,0.1568627506494522,0.08954248577356344
hurricane-michael_00000514,3,Major Damage,234,0.15506397187709808,0.16013073921203613,0.07686521112918854,0.00784313678741455,0.350326806306839,0.25973857641220094
palu-tsunami_00000020,0,Background,61501,0.09222276508808136,0.07581699639558792,0.07301738858222961,0.0,0.6784313321113586,0.18692810833454132
palu-tsunami_00000020,1,No Damage,967,0.1760677546262741,0.16993467509746552,0.10233009606599808,0.009150326251983643,0.5908496975898743,0.2993464469909668
palu-tsunami_00000020,3,Major Damage,269,0.14605049788951874,0.13464051485061646,0.09564746171236038,0.005228757858276367,0.46405228972435,0.28261439204216005
palu-tsunami_00000020,4,Destroyed,2799,0.14660793542861938,0.1254901885986328,0.09974000602960587,0.005228757858276367,0.5803921818733215,0.3006535768508911
mexico-earthquake_00000153,0,Background,50481,0.045315567404031754,0.013071894645690918,0.06999126821756363,0.0,0.758169949054718,0.12941177189350128
mexico-earthquake_00000153,1,No Damage,15055,0.10801084339618683,0.09150326251983643,0.08272480964660645,0.0,0.7307189106941223,0.21176473796367645
palu-tsunami_00000061,0,Background,58045,0.05552532523870468,0.03921569511294365,0.0531485415995121,0.0,0.7464051842689514,0.10980391502380371
palu-tsunami_00000061,1,No Damage,7491,0.07865491509437561,0.05620916560292244,0.0704052597284317,0.0,0.658823549747467,0.1725490242242813
mexico-earthquake_00000041,0,Background,47089,0.06686125695705414,0.05228758230805397,0.05422292277216911,0.0,0.626143753528595,0.13856209814548492
mexico-earthquake_00000041,1,No Damage,18447,0.08763768523931503,0.07189542055130005,0.06262509524822235,0.0,0.530718982219696,0.1725490242242813
socal-fire_00000169,0,Background,65536,0.0355549156665802,0.022222226485610008,0.03756539151072502,0.0,0.5803921818733215,0.07777778804302216
hurricane-michael_00000541,0,Background,64451,0.09953344613313675,0.08104575425386429,0.06877660006284714,0.0026143789291381836,0.7189542651176453,0.1568627506494522
hurricane-michael_00000541,1,No Damage,677,0.09862426668405533,0.06666666269302368,0.10401064157485962,0.0026143789291381836,0.5856209397315979,0.2206536084413528
hurricane-michael_00000541,2,Minor Damage,195,0.10495726764202118,0.08758170157670975,0.07306808233261108,0.006535947322845459,0.37385621666908264,0.2177777737379074
hurricane-michael_00000541,3,Major Damage,213,0.09028199315071106,0.07581701129674911,0.06758143752813339,0.00784313678741455,0.3620915114879608,0.17856209576129917
hurricane-harvey_00000275,0,Background,65121,0.1408199965953827,0.14771242439746857,0.052098456770181656,0.0,0.6026144027709961,0.19346405565738678
hurricane-harvey_00000275,3,Major Damage,397,0.13102516531944275,0.08758169412612915,0.10621090233325958,0.006535947322845459,0.44052281975746155,0.2737254917621613
hurricane-harvey_00000275,4,Destroyed,18,0.13696444034576416,0.11241831630468369,0.09954643249511719,0.03267974779009819,0.41960784792900085,0.2564705923199654
mexico-earthquake_00000074,0,Background,40413,0.07451993972063065,0.05751634016633034,0.06250754743814468,0.0,0.6196078658103943,0.15555554628372192
mexico-earthquake_00000074,1,No Damage,24618,0.08568920195102692,0.06666666269302368,0.07000196725130081,0.0,0.6705882549285889,0.17777776718139648
mexico-earthquake_00000074,2,Minor Damage,505,0.12280593067407608,0.08104576915502548,0.11246722936630249,0.0013071894645690918,0.5882353186607361,0.2962091624736786
mexico-earthquake_00000182,0,Background,51818,0.05751426890492439,0.018300652503967285,0.08688557147979736,0.0,0.8470588326454163,0.16078431904315948
mexico-earthquake_00000182,1,No Damage,13718,0.11180968582630157,0.08366014808416367,0.09919045865535736,0.0,0.7228758335113525,0.23137255012989044
hurricane-florence_00000461,0,Background,64679,0.08639924973249435,0.058823537081480026,0.07605860382318497,0.0,0.5986928343772888,0.2078431248664856
hurricane-florence_00000461,3,Major Damage,857,0.10483751446008682,0.09803920984268188,0.052441783249378204,0.00784313678741455,0.3803921639919281,0.17124181985855103
santa-rosa-wildfire_00000027,0,Background,63002,0.11748365312814713,0.08235294371843338,0.09568212926387787,0.0,0.6575163006782532,0.2705882489681244
santa-rosa-wildfire_00000027,1,No Damage,530,0.08009619265794754,0.062745101749897,0.05627545714378357,0.006535947322845459,0.2980392277240753,0.15830065906047824
santa-rosa-wildfire_00000027,2,Minor Damage,9,0.051416121423244476,0.03790849819779396,0.025444533675909042,0.026143789291381836,0.1111111119389534,0.07660131007432938
santa-rosa-wildfire_00000027,4,Destroyed,1995,0.1215011402964592,0.10196078568696976,0.08189333230257034,0.00784313678741455,0.5738561749458313,0.24052290618419647
midwest-flooding_00000206,0,Background,64371,0.09343716502189636,0.09281045198440552,0.04838404059410095,0.0,0.5124183297157288,0.14640522003173828
midwest-flooding_00000206,1,No Damage,912,0.09989535808563232,0.0797385573387146,0.07174239307641983,0.003921568393707275,0.40130722522735596,0.20248364806175229
midwest-flooding_00000206,2,Minor Damage,116,0.10110434889793396,0.09803920984268188,0.06361524015665054,0.006535947322845459,0.2222222089767456,0.19542482495307922
midwest-flooding_00000206,3,Major Damage,137,0.10993751138448715,0.07320261746644974,0.10450349003076553,0.0026143789291381836,0.4915032684803009,0.24888887405395507
hurricane-matthew_00000248,0,Background,65169,0.06248610094189644,0.04575163125991821,0.055688995867967606,0.0,0.5999999642372131,0.13333332538604736
hurricane-matthew_00000248,1,No Damage,166,0.09095203876495361,0.0725490152835846,0.07179201394319534,0.009150326251983643,0.5032680034637451,0.15555554628372192
hurricane-matthew_00000248,2,Minor Damage,105,0.12062246352434158,0.08888889104127884,0.07979976385831833,0.011764705181121826,0.30980393290519714,0.24156864583492293
hurricane-matthew_00000248,4,Destroyed,96,0.0966639444231987,0.08888888359069824,0.06267225742340088,0.013071894645690918,0.3032679855823517,0.18169938027858734
socal-fire_00000397,0,Background,65536,0.056312765926122665,0.04575163125991821,0.04305485635995865,0.0,0.3816993534564972,0.11633988469839096
socal-fire_00000268,0,Background,65028,0.06614106148481369,0.05228757858276367,0.05473081395030022,0.0,0.6483660340309143,0.13594771921634674
socal-fire_00000268,1,No Damage,143,0.13560035824775696,0.1111111044883728,0.10046911984682083,0.0026143789291381836,0.430065393447876,0.2922875940799713
socal-fire_00000268,2,Minor Damage,7,0.1402427703142166,0.10326796770095825,0.10093988478183746,0.019607841968536377,0.3620915114879608,0.25385620594024666
socal-fire_00000268,4,Destroyed,358,0.18908606469631195,0.16601306200027466,0.12302379310131073,0.00784313678741455,0.5294117331504822,0.3807843208312988
guatemala-volcano_00000010,0,Background,65532,0.38021060824394226,0.36993464827537537,0.238804429769516,0.0,0.8784313797950745,0.7124183177947998
guatemala-volcano_00000010,4,Destroyed,4,0.16339868307113647,0.15294116735458374,0.027232248336076736,0.13986927270889282,0.2078431397676468,0.19450980722904207
santa-rosa-wildfire_00000058,0,Background,46392,0.05975182354450226,0.04575163125991821,0.05032838508486748,0.0,0.5215685963630676,0.1254901885986328
santa-rosa-wildfire_00000058,1,No Damage,14690,0.039679743349552155,0.032679736614227295,0.03015594370663166,0.0,0.30980393290519714,0.07581698894500732
santa-rosa-wildfire_00000058,4,Destroyed,4454,0.11455753445625305,0.10326799750328064,0.07312451303005219,0.0013071894645690918,0.45490196347236633,0.21568627655506134
hurricane-florence_00000309,0,Background,64675,0.06886860728263855,0.04575163498520851,0.06744475662708282,0.0,0.5699346661567688,0.14771240949630737
hurricane-florence_00000309,1,No Damage,861,0.08311205357313156,0.04444444552063942,0.09803483635187149,0.0,0.70457524061203,0.20392155647277832
hurricane-michael_00000244,0,Background,65536,0.03968091309070587,0.0313725508749485,0.03021189570426941,0.0013071894645690918,0.6758170127868652,0.06797385960817337
hurricane-matthew_00000202,0,Background,65263,0.08477512001991272,0.07058823108673096,0.06405620276927948,0.0,0.6026144027709961,0.16862744092941284
hurricane-matthew_00000202,2,Minor Damage,25,0.180967316031456,0.16732025146484375,0.09529910236597061,0.026143798604607582,0.40392157435417175,0.31843138337135324
hurricane-matthew_00000202,3,Major Damage,80,0.09040849655866623,0.08366012573242188,0.053155556321144104,0.009150326251983643,0.32549020648002625,0.14836601763963705
hurricane-matthew_00000202,4,Destroyed,168,0.15385153889656067,0.13071894645690918,0.09970968216657639,0.01437908411026001,0.4104574918746948,0.3049673318862915
midwest-flooding_00000352,0,Background,64479,0.04614333435893059,0.03529411554336548,0.03899186849594116,0.0,0.6026144027709961,0.09934639930725098
midwest-flooding_00000352,1,No Damage,1042,0.08890896290540695,0.0640522837638855,0.0739179402589798,0.0013071894645690918,0.48496732115745544,0.16980392634868618
midwest-flooding_00000352,2,Minor Damage,15,0.051938995718955994,0.04967319965362549,0.01979844644665718,0.0156862735748291,0.10457517951726913,0.06823529452085494
hurricane-harvey_00000221,0,Background,65464,0.15530753135681152,0.125490203499794,0.09440668672323227,0.0013071894645690918,0.6366013288497925,0.2862745225429535
hurricane-harvey_00000221,4,Destroyed,72,0.14173929393291473,0.1366013139486313,0.09195521473884583,0.0026143789291381836,0.3150326907634735,0.2818300515413284
socal-fire_00000204,0,Background,65453,0.05432428792119026,0.03790849819779396,0.049345776438713074,0.0,0.47973859310150146,0.12287583202123642
socal-fire_00000204,4,Destroyed,83,0.1844082474708557,0.1751633882522583,0.07730450481176376,0.0156862735748291,0.40392160415649414,0.2951634109020233
santa-rosa-wildfire_00000059,0,Background,64293,0.04586457461118698,0.03660130873322487,0.03409703075885773,0.0,0.5947712063789368,0.08758171647787094
santa-rosa-wildfire_00000059,1,No Damage,1243,0.049323003739118576,0.03398692607879639,0.044679973274469376,0.0,0.32156863808631897,0.09803923219442368
socal-fire_00000927,0,Background,65536,0.03925815224647522,0.0313725471496582,0.031396180391311646,0.0,0.4431372582912445,0.0797385573387146
midwest-flooding_00000085,0,Background,65523,0.04580039903521538,0.03660130500793457,0.04624379798769951,0.0,0.867973804473877,0.08627451211214066
midwest-flooding_00000085,1,No Damage,8,0.15702614188194275,0.11568628251552582,0.09552425146102905,0.06666667014360428,0.34379085898399353,0.268758162856102
midwest-flooding_00000085,2,Minor Damage,5,0.10849672555923462,0.09411764144897461,0.040863003581762314,0.06666666269302368,0.17777776718139648,0.1584313690662384
santa-rosa-wildfire_00000047,0,Background,62469,0.08567546308040619,0.06535948067903519,0.06409450620412827,0.0,0.6522875428199768,0.16732025146484375
santa-rosa-wildfire_00000047,2,Minor Damage,47,0.073981374502182,0.03790849447250366,0.07339836657047272,0.018300652503967285,0.3307189643383026,0.17098040580749507
santa-rosa-wildfire_00000047,4,Destroyed,3020,0.17010000348091125,0.13856209814548492,0.11175334453582764,0.0026143789291381836,0.7542483806610107,0.32810458540916443
hurricane-harvey_00000170,0,Background,50059,0.06664219498634338,0.05359477922320366,0.05148797854781151,0.0,0.6457516551017761,0.13464051485061646
hurricane-harvey_00000170,1,No Damage,15477,0.06691920012235641,0.04836602136492729,0.05995752662420273,0.0,0.5254902243614197,0.1424836665391922
hurricane-florence_00000264,0,Background,65286,0.10026445984840393,0.09934640675783157,0.0636742115020752,0.0,0.4810457229614258,0.18431372940540314
hurricane-florence_00000264,1,No Damage,197,0.09957864135503769,0.08104575425386429,0.07629921287298203,0.005228757858276367,0.4771241843700409,0.1939869314432144
hurricane-florence_00000264,2,Minor Damage,53,0.0716734528541565,0.06013071909546852,0.05417885631322861,0.0156862735748291,0.22875817120075226,0.1435294181108475
socal-fire_00000873,0,Background,65536,0.05195348337292671,0.040522877126932144,0.04035577178001404,0.0,0.3464052677154541,0.10849672555923462
socal-fire_00001162,0,Background,64999,0.05348583310842514,0.039215683937072754,0.049570269882678986,0.0,0.7058823108673096,0.11503267288208008
socal-fire_00001162,1,No Damage,537,0.10062925517559052,0.06797385215759277,0.0953715443611145,0.003921568393707275,0.5777777433395386,0.2214379042387009
hurricane-michael_00000284,0,Background,57933,0.0947275459766388,0.09803921729326248,0.0667884573340416,0.0,0.9058823585510254,0.1594771295785904
hurricane-michael_00000284,1,No Damage,3069,0.14866267144680023,0.10588234663009644,0.12788116931915283,0.0013071894645690918,0.6601307392120361,0.3333333432674408
hurricane-michael_00000284,2,Minor Damage,2445,0.12408517301082611,0.08758169412612915,0.11409498006105423,0.0013071894645690918,0.729411780834198,0.2922875940799712
hurricane-michael_00000284,3,Major Damage,2089,0.19770412147045135,0.16732029616832733,0.1438121497631073,0.0,0.7529411911964417,0.3986928164958954
socal-fire_00000810,0,Background,64829,0.06935738772153854,0.05098039284348488,0.0613587386906147,0.0,0.5372548699378967,0.15163399279117584
socal-fire_00000810,1,No Damage,80,0.1050490289926529,0.08366014063358307,0.08187621831893921,0.011764705181121826,0.3921569287776947,0.1942483693361283
socal-fire_00000810,4,Destroyed,627,0.10507552325725555,0.09150326997041702,0.06249647215008736,0.003921568393707275,0.3830065429210663,0.1913725525140762
hurricane-florence_00000168,0,Background,65536,0.04000387713313103,0.032679736614227295,0.02826928161084652,0.0,0.33725491166114807,0.07581699639558792
mexico-earthquake_00000191,0,Background,49492,0.042554207146167755,0.013071894645690918,0.06631255149841309,0.0,0.7633987069129944,0.12941177189350128
mexico-earthquake_00000191,1,No Damage,16044,0.10502392798662186,0.0797385647892952,0.08957953751087189,0.0013071894645690918,0.5960783958435059,0.21830065548419952
socal-fire_00000991,0,Background,65536,0.02822311595082283,0.016993463039398193,0.031572870910167694,0.0,0.4274509847164154,0.06666666269302368
palu-tsunami_00000000,0,Background,61256,0.0927545353770256,0.07581699639558792,0.07250572741031647,0.0,0.5999999642372131,0.1895424872636795
palu-tsunami_00000000,1,No Damage,4075,0.095726378262043,0.08366012573242188,0.06718988716602325,0.0013071894645690918,0.430065393447876,0.18300653398036956
palu-tsunami_00000000,3,Major Damage,31,0.0513177290558815,0.04575163125991821,0.03307951241731644,0.003921568393707275,0.11372548341751099,0.0954248309135437
palu-tsunami_00000000,4,Destroyed,174,0.16108481585979462,0.15163397789001465,0.08576355129480362,0.00784313678741455,0.3934640884399414,0.27673203945159913
socal-fire_00000187,0,Background,65536,0.05516798421740532,0.03660130873322487,0.054929956793785095,0.0,0.6496732234954834,0.13006536662578583
midwest-flooding_00000126,0,Background,65536,0.05069432407617569,0.040522877126932144,0.03681839257478714,0.0,0.47973859310150146,0.10065358877182007
hurricane-michael_00000402,0,Background,59740,0.06711132079362869,0.0470588319003582,0.06661120802164078,0.0,0.7176470756530762,0.15294118225574493
hurricane-michael_00000402,1,No Damage,3841,0.09828153252601624,0.06535947322845459,0.09844652563333511,0.0,0.6954247951507568,0.23529410362243652
hurricane-michael_00000402,2,Minor Damage,1322,0.0921657606959343,0.0640522912144661,0.08347634226083755,0.0013071894645690918,0.5071895122528076,0.21032678931951534
hurricane-michael_00000402,3,Major Damage,471,0.10397013276815414,0.06797385215759277,0.0843476951122284,0.0013071894645690918,0.43660131096839905,0.19869279861450195
hurricane-michael_00000402,4,Destroyed,162,0.11252320557832718,0.08627451956272125,0.0877976194024086,0.0026143789291381836,0.430065393447876,0.24418300688266756
socal-fire_00001319,0,Background,65536,0.058123424649238586,0.04444444552063942,0.04961758479475975,0.0,0.6483660340309143,0.12156862765550613
hurricane-michael_00000392,0,Background,65020,0.11412826925516129,0.11895424872636795,0.05798342078924179,0.0013071894645690918,0.6104574799537659,0.18039214611053467
hurricane-michael_00000392,1,No Damage,185,0.17064829170703888,0.14771242439746857,0.11359330266714096,0.006535947322845459,0.43921568989753723,0.3469281256198883
hurricane-michael_00000392,2,Minor Damage,331,0.14030370116233826,0.1111111044883728,0.11616864800453186,0.00784313678741455,0.5895424485206604,0.29411765933036804
mexico-earthquake_00000168,0,Background,56696,0.06829807907342911,0.05751634016633034,0.050366878509521484,0.0,0.529411792755127,0.13202615082263947
mexico-earthquake_00000168,1,No Damage,8840,0.0976911336183548,0.07712418586015701,0.07539118081331253,0.0,0.7071895599365234,0.1895424872636795
midwest-flooding_00000436,0,Background,65447,0.17925435304641724,0.1895424872636795,0.04537077248096466,0.0013071894645690918,0.7803921699523926,0.21437908709049225
midwest-flooding_00000436,4,Destroyed,89,0.17451713979244232,0.1111111044883728,0.1504642367362976,0.018300652503967285,0.5490196347236633,0.44575161337852487
hurricane-matthew_00000222,0,Background,65361,0.0923442468047142,0.07320261746644974,0.07542573660612106,0.0,0.6352941393852234,0.19346404075622559
hurricane-matthew_00000222,2,Minor Damage,34,0.09596310555934906,0.061437927186489105,0.08320300281047821,0.005228757858276367,0.30849674344062805,0.2109803944826126
hurricane-matthew_00000222,3,Major Damage,27,0.09847494959831238,0.0784313753247261,0.05685676634311676,0.00784313678741455,0.21830065548419952,0.1814379304647446
hurricane-matthew_00000222,4,Destroyed,114,0.1114092469215393,0.08888888359069824,0.08131644129753113,0.006535947322845459,0.3777778148651123,0.23581699430942535
hurricane-florence_00000139,0,Background,65284,0.2754092812538147,0.21307189762592316,0.22954365611076355,0.0013071894645690918,0.915032684803009,0.6470587849617004
hurricane-florence_00000139,3,Major Damage,252,0.20318497717380524,0.23856207728385925,0.10688547044992447,0.02222222089767456,0.41307196021080017,0.32418301701545715
hurricane-michael_00000029,0,Background,65536,0.08547727018594742,0.05882352590560913,0.08176490664482117,0.0,0.5830065011978149,0.19477124512195587
hurricane-michael_00000056,0,Background,60842,0.06365025043487549,0.0470588244497776,0.05513904243707657,0.0,0.530718982219696,0.12941177189350128
hurricane-michael_00000056,1,No Damage,3265,0.08217477798461914,0.06666666269302368,0.06415475904941559,0.0013071894645690918,0.43660128116607666,0.16993464529514313
hurricane-michael_00000056,2,Minor Damage,1021,0.08858033269643784,0.07320261001586914,0.06698372215032578,0.003921568393707275,0.38562095165252686,0.19346405565738678
hurricane-michael_00000056,3,Major Damage,408,0.13809752464294434,0.10326796770095825,0.11703028529882431,0.003921568393707275,0.4575163424015045,0.3389542579650879
mexico-earthquake_00000019,0,Background,47088,0.1044030711054802,0.09019608050584793,0.07509757578372955,0.0,0.6209149956703186,0.20915032923221588
mexico-earthquake_00000019,1,No Damage,18448,0.09424562007188797,0.07450982183218002,0.07284492999315262,0.0,0.543790876865387,0.1895424872636795
midwest-flooding_00000117,0,Background,65141,0.06305200606584549,0.03921568766236305,0.07573441416025162,0.0,0.7071895599365234,0.13464051485061646
midwest-flooding_00000117,1,No Damage,191,0.16294699907302856,0.13071896135807037,0.1263768970966339,0.006535947322845459,0.6287581324577332,0.34248366951942444
midwest-flooding_00000117,2,Minor Damage,12,0.1800653487443924,0.18169933557510376,0.07891666889190674,0.054901957511901855,0.2888889014720917,0.27830066680908205
midwest-flooding_00000117,3,Major Damage,179,0.1268557906150818,0.08235293626785278,0.12834756076335907,0.003921568393707275,0.7150326371192932,0.2891503393650055
midwest-flooding_00000117,4,Destroyed,13,0.18572145700454712,0.09803923219442368,0.14382508397102356,0.03006535768508911,0.48366013169288635,0.34588231444358825
santa-rosa-wildfire_00000225,0,Background,52689,0.03972814977169037,0.02091503143310547,0.05235419422388077,0.0,0.5241830348968506,0.1111111119389534
santa-rosa-wildfire_00000225,1,No Damage,12847,0.045340973883867264,0.027450978755950928,0.05224618315696716,0.0,0.5686274170875549,0.10588236898183823
hurricane-matthew_00000264,0,Background,65519,0.0892147347331047,0.07058823853731155,0.07318279147148132,0.0,0.7241830229759216,0.18431372940540314
hurricane-matthew_00000264,4,Destroyed,17,0.05121107026934624,0.04967319965362549,0.03121913969516754,0.01437908411026001,0.11764705181121826,0.09856208562850953
hurricane-michael_00000025,0,Background,65536,0.06629163771867752,0.04575163125991821,0.06493924558162689,0.0013071894645690918,0.785620927810669,0.13202615082263947
santa-rosa-wildfire_00000293,0,Background,65438,0.10095243901014328,0.08366013318300247,0.07162360846996307,0.0013071894645690918,0.5176470875740051,0.19738562405109406
santa-rosa-wildfire_00000293,4,Destroyed,98,0.19294387102127075,0.19411766529083252,0.10571008175611496,0.03529411554336548,0.6313725113868713,0.3313725590705871
hurricane-florence_00000269,0,Background,65460,0.06590867042541504,0.0470588319003582,0.05845388397574425,0.0,0.5581700205802917,0.1437908560037613
hurricane-florence_00000269,3,Major Damage,76,0.12767457962036133,0.06339868903160095,0.13098585605621338,0.0,0.441830039024353,0.33986929059028625
midwest-flooding_00000337,0,Background,65103,0.053643159568309784,0.03529411926865578,0.049111444503068924,0.0,0.3189542591571808,0.13333332538604736
midwest-flooding_00000337,1,No Damage,433,0.11788253486156464,0.09281045198440552,0.09108223766088486,0.0026143789291381836,0.5163398385047913,0.24183008968830108
hurricane-harvey_00000168,0,Background,49143,0.08287069946527481,0.06666667014360428,0.06753888726234436,0.0,0.7516339421272278,0.16732026636600494
hurricane-harvey_00000168,3,Major Damage,16393,0.11008580774068832,0.06797385960817337,0.12196271866559982,0.0,0.7215685844421387,0.2718954384326935
hurricane-harvey_00000517,0,Background,64672,0.0692964717745781,0.053594768047332764,0.06571276485919952,0.0,0.5633987188339233,0.14640522003173828
hurricane-harvey_00000517,3,Major Damage,864,0.09491194784641266,0.05620914697647095,0.08933040499687195,0.006535947322845459,0.43398693203926086,0.2462745100259782
socal-fire_00001179,0,Background,65536,0.07575336843729019,0.04967319965362549,0.08213990926742554,0.0,0.5895424485206604,0.1882352977991104
hurricane-michael_00000204,0,Background,60028,0.09811808913946152,0.0954248383641243,0.06669061630964279,0.0013071894645690918,0.8104575276374817,0.16993463039398193
hurricane-michael_00000204,1,No Damage,583,0.12150360643863678,0.0941176488995552,0.095005564391613,0.005228757858276367,0.5411764979362488,0.24705882072448732
hurricane-michael_00000204,2,Minor Damage,4172,0.12706683576107025,0.09934639930725098,0.1067376583814621,0.003921568393707275,0.7215686440467834,0.2613071769475938
hurricane-michael_00000204,3,Major Damage,543,0.1598406434059143,0.14509804546833038,0.10035990923643112,0.00784313678741455,0.545098066329956,0.2988235414028168
hurricane-michael_00000204,4,Destroyed,210,0.16485528647899628,0.13594770431518555,0.12297297269105911,0.005228757858276367,0.547712504863739,0.3337255269289017
palu-tsunami_00000084,0,Background,31126,0.07001111656427383,0.054901957511901855,0.056923262774944305,0.0,0.6732025742530823,0.1450980305671692
palu-tsunami_00000084,1,No Damage,34410,0.05816381797194481,0.040522873401641846,0.05832483991980553,0.0,0.6823528409004211,0.125490203499794
midwest-flooding_00000003,0,Background,48858,0.07519938051700592,0.05751633644104004,0.061633095145225525,0.0013071894645690918,0.4888889491558075,0.1607843041419983
midwest-flooding_00000003,1,No Damage,16484,0.08103282749652863,0.061437904834747314,0.07049451023340225,0.0013071894645690918,0.7124183177947998,0.16732026636600494
midwest-flooding_00000003,2,Minor Damage,194,0.101078100502491,0.08888888359069824,0.07639707624912262,0.013071894645690918,0.45228758454322815,0.19568626731634142
hurricane-matthew_00000134,0,Background,64221,0.05348848178982735,0.023529410362243652,0.07786048203706741,0.0,0.6509804129600525,0.15555556118488312
hurricane-matthew_00000134,1,No Damage,446,0.17734108865261078,0.142483651638031,0.1359192430973053,0.006535947322845459,0.6196078658103943,0.39084967970848083
hurricane-matthew_00000134,2,Minor Damage,671,0.14313043653964996,0.12026145309209824,0.10485795885324478,0.005228757858276367,0.46405228972435,0.3045751452445984
hurricane-matthew_00000134,3,Major Damage,185,0.15089207887649536,0.13725490868091583,0.09322276711463928,0.010457515716552734,0.4261437654495239,0.27712416648864746
hurricane-matthew_00000134,4,Destroyed,13,0.37747615575790405,0.41830065846443176,0.16776521503925323,0.0156862735748291,0.5699346661567688,0.5644444584846496
hurricane-florence_00000147,0,Background,65312,0.0441218726336956,0.03267974779009819,0.044352736324071884,0.0,0.8849673271179199,0.08104575425386429
hurricane-florence_00000147,4,Destroyed,224,0.0787465050816536,0.041830066591501236,0.08622459322214127,0.0013071894645690918,0.4771242141723633,0.19790850877761845
palu-tsunami_00000087,0,Background,35997,0.07075770944356918,0.07189542055130005,0.050003476440906525,0.0,0.6143791079521179,0.12287580966949463
palu-tsunami_00000087,1,No Damage,29521,0.06291832029819489,0.04444444179534912,0.06106698885560036,0.0,0.6535947322845459,0.13333335518836975
palu-tsunami_00000087,4,Destroyed,18,0.07770515978336334,0.06013071537017822,0.05032674968242645,0.010457515716552734,0.1882353276014328,0.1457516297698021
hurricane-matthew_00000119,0,Background,65520,0.05372864007949829,0.04183006286621094,0.04540322348475456,0.0,0.5882353186607361,0.10457515716552734
hurricane-matthew_00000119,4,Destroyed,16,0.11282679438591003,0.07058823108673096,0.06179964914917946,0.05751634016633034,0.23267972469329834,0.2006535828113556
hurricane-matthew_00000009,0,Background,65219,0.14965862035751343,0.10326796770095825,0.14959518611431122,0.0,0.8339869379997253,0.364705890417099
hurricane-matthew_00000009,1,No Damage,33,0.16494356095790863,0.16601307690143585,0.11630513519048691,0.009150326251983643,0.48627451062202454,0.33986929059028625
hurricane-matthew_00000009,2,Minor Damage,273,0.1452273279428482,0.09934639930725098,0.12898920476436615,0.0026143789291381836,0.5542483925819397,0.37254902720451405
hurricane-matthew_00000009,4,Destroyed,11,0.10398098826408386,0.08627450466156006,0.05521616339683533,0.048366010189056396,0.22483663260936737,0.16993464529514313
hurricane-michael_00000122,0,Background,65392,0.04418769106268883,0.03529411554336548,0.03188549727201462,0.0,0.4797385632991791,0.08758169412612915
hurricane-michael_00000122,1,No Damage,78,0.11107759922742844,0.07320262491703033,0.1315333992242813,0.009150326251983643,0.5477123856544495,0.24326799511909483
hurricane-michael_00000122,4,Destroyed,66,0.12778769433498383,0.12026144564151764,0.0629395842552185,0.0313725471496582,0.2823529541492462,0.20718955993652344
hurricane-harvey_00000491,0,Background,48528,0.07234632223844528,0.05359477922320366,0.06270410865545273,0.0,0.7307189106941223,0.15032678842544556
hurricane-harvey_00000491,2,Minor Damage,5376,0.0664701983332634,0.05098038911819458,0.06150765344500542,0.0,0.6405228972434998,0.13594770431518555
hurricane-harvey_00000491,3,Major Damage,11622,0.07040658593177795,0.05751633644104004,0.05556853488087654,0.0013071894645690918,0.5398693084716797,0.1424836665391922
hurricane-harvey_00000491,4,Destroyed,10,0.048366010189056396,0.04313725233078003,0.03281540423631668,0.007843141444027424,0.1124182939529419,0.08183006718754768
socal-fire_00000965,0,Background,58456,0.038517192006111145,0.0235294159501791,0.047000445425510406,0.0,0.6339869499206543,0.08888888359069824
socal-fire_00000965,1,No Damage,7080,0.055878106504678726,0.03398693725466728,0.059158530086278915,0.0,0.43398693203926086,0.1334640711545949
socal-fire_00000540,0,Background,65536,0.03583238646388054,0.027450988069176674,0.028377842158079147,0.0,0.4065359830856323,0.07189542055130005
midwest-flooding_00000144,0,Background,65159,0.07476966083049774,0.0784313753247261,0.04531059414148331,0.0,0.8078431487083435,0.10718954354524612
midwest-flooding_00000144,1,No Damage,20,0.09300653636455536,0.0941176488995552,0.05732480436563492,0.005228757858276367,0.1908496618270874,0.1619607746601105
midwest-flooding_00000144,3,Major Damage,357,0.09316928684711456,0.0640522912144661,0.08343598991632462,0.006535947322845459,0.5124183297157288,0.1898039370775224
hurricane-harvey_00000134,0,Background,46999,0.08403563499450684,0.07058823108673096,0.06432697921991348,0.0,0.7241830825805664,0.16862745583057404
hurricane-harvey_00000134,1,No Damage,17374,0.08394152671098709,0.05620914697647095,0.09517226368188858,0.0,0.6954247951507568,0.18039214611053467
hurricane-harvey_00000134,2,Minor Damage,1163,0.05942710489034653,0.040522877126932144,0.05735470727086067,0.0013071894645690918,0.4718954563140869,0.13071894645690918
hurricane-michael_00000211,0,Background,57081,0.08244729042053223,0.062745101749897,0.0700163021683693,0.0,0.7176470756530762,0.1764705926179886
hurricane-michael_00000211,1,No Damage,1686,0.13249288499355316,0.10457515716552734,0.10488864034414291,0.0026143789291381836,0.5450980067253113,0.27581700682640076
hurricane-michael_00000211,2,Minor Damage,5052,0.17015793919563293,0.10980391502380371,0.16835731267929077,0.0013071894645690918,0.8535947799682617,0.4313725531101227
hurricane-michael_00000211,3,Major Damage,986,0.12626045942306519,0.0797385573387146,0.1176348403096199,0.0013071894645690918,0.6248366236686707,0.29542484879493713
hurricane-michael_00000211,4,Destroyed,731,0.1055479571223259,0.08104576915502548,0.08807086944580078,0.0026143789291381836,0.6091503500938416,0.21307189762592316
hurricane-matthew_00000347,0,Background,64458,0.06509137898683548,0.04967319965362549,0.05900575593113899,0.0,0.671895444393158,0.13202613592147827
hurricane-matthew_00000347,1,No Damage,188,0.13872896134853363,0.128104567527771,0.08319608122110367,0.005228757858276367,0.38823533058166504,0.26339870691299444
hurricane-matthew_00000347,2,Minor Damage,627,0.17314736545085907,0.16339869797229767,0.1089392602443695,0.009150326251983643,0.4444444477558136,0.3267974078655243
hurricane-matthew_00000347,3,Major Damage,164,0.16831660270690918,0.16013070940971375,0.09953562170267105,0.011764705181121826,0.4300653636455536,0.29699347615242017
hurricane-matthew_00000347,4,Destroyed,99,0.10431108623743057,0.08235294371843338,0.08087605237960815,0.011764705181121826,0.37516340613365173,0.19764705896377563
midwest-flooding_00000168,0,Background,65504,0.09881266951560974,0.08758169412612915,0.052317194640636444,0.0026143789291381836,0.4248366355895996,0.1594771295785904
midwest-flooding_00000168,4,Destroyed,32,0.06466503441333771,0.05686274915933609,0.030978573486208916,0.023529410362243652,0.1267973929643631,0.11673202663660051
hurricane-florence_00000277,0,Background,65067,0.05868908390402794,0.05098039284348488,0.040500737726688385,0.0,0.5450980067253113,0.11503268033266068
hurricane-florence_00000277,1,No Damage,469,0.10589629411697388,0.06928104162216187,0.1013932153582573,0.0026143789291381836,0.5124183297157288,0.24392155408859248
midwest-flooding_00000209,0,Background,65536,0.07042305171489716,0.07320261746644974,0.0383685901761055,0.0,0.70457524061203,0.10196077823638916
mexico-earthquake_00000035,0,Background,51643,0.05502687394618988,0.03790849447250366,0.05418618023395538,0.0,0.7098038792610168,0.1267973929643631
mexico-earthquake_00000035,1,No Damage,13893,0.08796737343072891,0.06666666269302368,0.07325579226016998,0.0,0.5830065011978149,0.18169935047626495
hurricane-florence_00000293,0,Background,63359,0.041255854070186615,0.03006536327302456,0.035996660590171814,0.0,0.6666666865348816,0.08627450466156006
hurricane-florence_00000293,1,No Damage,2177,0.07501238584518433,0.048366013914346695,0.08098774403333664,0.0013071894645690918,0.7372549176216125,0.16470587253570557
hurricane-harvey_00000299,0,Background,65526,0.13974355161190033,0.1267973929643631,0.06366433948278427,0.0026143789291381836,0.37385621666908264,0.2522875964641571
hurricane-harvey_00000299,3,Major Damage,10,0.2020915001630783,0.1555555760860443,0.11260996758937836,0.08104574680328369,0.39084967970848083,0.38143791556358336
santa-rosa-wildfire_00000017,0,Background,65427,0.13132888078689575,0.11895426362752914,0.07541166245937347,0.0026143789291381836,0.5215686559677124,0.2366013377904892
santa-rosa-wildfire_00000017,1,No Damage,6,0.10283225774765015,0.09803922474384308,0.03640366345643997,0.047058820724487305,0.1568627506494522,0.14771243184804916
santa-rosa-wildfire_00000017,4,Destroyed,103,0.1432197391986847,0.125490203499794,0.07043334096670151,0.040522873401641846,0.3803921639919281,0.24392156600952145
hurricane-harvey_00000443,0,Background,42555,0.07345914095640182,0.056209150701761246,0.06392861902713776,0.0,0.6065359711647034,0.15163399279117584
hurricane-harvey_00000443,1,No Damage,15736,0.07582937180995941,0.0470588244497776,0.08339511603116989,0.0,0.6143791079521179,0.1666666716337204
hurricane-harvey_00000443,2,Minor Damage,7245,0.12663951516151428,0.09673202782869339,0.10631338506937027,0.0013071894645690918,0.5542483925819397,0.27973857522010803
socal-fire_00000496,0,Background,60729,0.062225744128227234,0.03790850564837456,0.06845632195472717,0.0,0.6183006167411804,0.15424837172031403
socal-fire_00000496,1,No Damage,4807,0.06340916454792023,0.04052288457751274,0.063566192984581,0.0,0.49281045794487,0.15163400769233704
socal-fire_00000692,0,Background,61774,0.06968379765748978,0.053594768047332764,0.05686072260141373,0.0,0.5686275362968445,0.14640522003173828
socal-fire_00000692,1,No Damage,2904,0.07828012853860855,0.05882354453206062,0.06258486956357956,0.003921568393707275,0.4313725531101227,0.16601307690143585
socal-fire_00000692,4,Destroyed,858,0.10944437235593796,0.09281045198440552,0.07778823375701904,0.003921568393707275,0.4326797425746918,0.21869281232357035
midwest-flooding_00000236,0,Background,64950,0.0742151215672493,0.07058823108673096,0.05596589669585228,0.0,0.671895444393158,0.11503267288208008
midwest-flooding_00000236,1,No Damage,523,0.11737462878227234,0.10196077823638916,0.08204137533903122,0.006535947322845459,0.5633986592292786,0.21281045377254487
midwest-flooding_00000236,2,Minor Damage,63,0.09040357917547226,0.08496731519699097,0.05094777047634125,0.024836599826812744,0.24967320263385773,0.15555556118488312
hurricane-florence_00000245,0,Background,65249,0.0590004101395607,0.03921568766236305,0.055030323565006256,0.0,0.4614379405975342,0.14640522003173828
hurricane-florence_00000245,1,No Damage,34,0.11134180426597595,0.08300653100013733,0.07624563574790955,0.026143789291381836,0.32418301701545715,0.20732026398181916
hurricane-florence_00000245,2,Minor Damage,253,0.043798599392175674,0.03006535768508911,0.04259257763624191,0.003921568393707275,0.265359491109848,0.10143790394067767
socal-fire_00000445,0,Background,65536,0.04601249098777771,0.03660130500793457,0.03701519966125488,0.0,0.3437908887863159,0.0954248309135437
hurricane-harvey_00000451,0,Background,47014,0.07403243333101273,0.062745101749897,0.054706525057554245,0.0,0.4614379405975342,0.1437908560037613
hurricane-harvey_00000451,1,No Damage,2734,0.07159994542598724,0.04967320337891579,0.06400460749864578,0.0013071894645690918,0.45098042488098145,0.15385619997978245
hurricane-harvey_00000451,2,Minor Damage,3995,0.0631488636136055,0.047058820724487305,0.05535862222313881,0.0013071894645690918,0.4771242141723633,0.13281046152114856
hurricane-harvey_00000451,3,Major Damage,11793,0.07281066477298737,0.05751634016633034,0.06168270483613014,0.0,0.671895444393158,0.14771242439746857
socal-fire_00000979,0,Background,65536,0.09258400648832321,0.0784313753247261,0.06667221337556839,0.0,0.5346405506134033,0.1882352977991104
socal-fire_00001291,0,Background,65368,0.0437474362552166,0.03006535768508911,0.045932795852422714,0.0,0.6509804129600525,0.10196077823638916
socal-fire_00001291,1,No Damage,62,0.14488719403743744,0.10130718350410461,0.12428398430347443,0.005228757858276367,0.46797385811805725,0.3563398778438568
socal-fire_00001291,4,Destroyed,106,0.14302627742290497,0.12745098769664764,0.10057955235242844,0.009150326251983643,0.40130719542503357,0.275163397192955
hurricane-florence_00000042,0,Background,64845,0.09362604469060898,0.06797385215759277,0.07695261389017105,0.0013071894645690918,0.6169934868812561,0.20915035903453827
hurricane-florence_00000042,1,No Damage,691,0.13554856181144714,0.09019608050584793,0.12696319818496704,0.006535947322845459,0.7725489735603333,0.3137255012989044
socal-fire_00000547,0,Background,65536,0.08126862347126007,0.06143790856003761,0.0673152357339859,0.0,0.41960787773132324,0.1751633882522583
santa-rosa-wildfire_00000003,0,Background,63027,0.04503441974520683,0.03006535768508911,0.04365457594394684,0.0,0.545098066329956,0.09803921729326248
santa-rosa-wildfire_00000003,1,No Damage,2509,0.07442383468151093,0.05490196868777275,0.06007889285683632,0.0026143789291381836,0.45098039507865906,0.15555554628372192
socal-fire_00000489,0,Background,65170,0.05939119681715965,0.04313725233078003,0.05282730609178543,0.0,0.43529415130615234,0.13202613592147827
socal-fire_00000489,1,No Damage,326,0.0823729932308197,0.08104575425386429,0.06445807218551636,0.0,0.3986928164958954,0.16209151595830917
socal-fire_00000489,4,Destroyed,40,0.12941177189350128,0.12352941930294037,0.06656020879745483,0.01830066181719303,0.2705882489681244,0.2129411652684212
santa-rosa-wildfire_00000097,0,Background,54325,0.05475941300392151,0.03790849447250366,0.048147592693567276,0.0,0.5176470875740051,0.12287581712007523
santa-rosa-wildfire_00000097,1,No Damage,10853,0.04492586478590965,0.03398693725466728,0.038630712777376175,0.0013071894645690918,0.5254901647567749,0.09019607305526733
santa-rosa-wildfire_00000097,4,Destroyed,358,0.12292329221963882,0.11764706671237946,0.07976049184799194,0.00784313678741455,0.40653595328330994,0.2278431385755539
socal-fire_00001245,0,Background,60403,0.08900519460439682,0.07320261001586914,0.06722263991832733,0.0,0.6810457110404968,0.18169935047626495
socal-fire_00001245,1,No Damage,2292,0.11716285347938538,0.08496732264757156,0.10343161970376968,0.0026143789291381836,0.657516360282898,0.26274511218070984
socal-fire_00001245,4,Destroyed,2841,0.11199545115232468,0.08104577660560608,0.09541438519954681,0.0026143789291381836,0.5281046032905579,0.25751635432243347
hurricane-michael_00000287,0,Background,58018,0.07545702904462814,0.05751633644104004,0.06300852447748184,0.0,0.6679738163948059,0.16078431904315948
hurricane-michael_00000287,1,No Damage,2525,0.09966892749071121,0.07320261746644974,0.08735557645559311,0.0013071894645690918,0.543790876865387,0.2091503232717514
hurricane-michael_00000287,2,Minor Damage,2238,0.11396145820617676,0.08104575425386429,0.09682224690914154,0.0013071894645690918,0.6379084587097168,0.24222220778465264
hurricane-michael_00000287,3,Major Damage,2755,0.11500611156225204,0.08104575425386429,0.09984098374843597,0.0026143789291381836,0.5790849924087524,0.2517647027969359
hurricane-harvey_00000323,0,Background,65512,0.06975194811820984,0.0,0.07792934775352478,0.0,0.48496732115745544,0.17777781188488007
hurricane-harvey_00000323,3,Major Damage,24,0.21002177894115448,0.1738561987876892,0.13583175837993622,0.010457515716552734,0.5176470875740051,0.416078445315361
midwest-flooding_00000018,0,Background,54444,0.06007666885852814,0.0470588244497776,0.04636870697140694,0.0,0.5189542770385742,0.12287580966949463
midwest-flooding_00000018,1,No Damage,10749,0.06514532119035721,0.04967319965362549,0.05438358336687088,0.0013071894645690918,0.5738562345504761,0.13464052975177765
midwest-flooding_00000018,2,Minor Damage,343,0.07529488205909729,0.054901957511901855,0.06429927051067352,0.0013071894645690918,0.32810458540916443,0.16183005571365358
guatemala-volcano_00000024,0,Background,63871,0.054504238069057465,0.040522873401641846,0.047545067965984344,0.0013071894645690918,0.8535947799682617,0.10588235408067703
guatemala-volcano_00000024,1,No Damage,1665,0.1031557023525238,0.08235294371843338,0.08196970075368881,0.0026143789291381836,0.6771242022514343,0.20078430771827716
hurricane-florence_00000308,0,Background,64610,0.092881940305233,0.09019607305526733,0.05300016328692436,0.0,0.6287581920623779,0.16339868307113647
hurricane-florence_00000308,1,No Damage,849,0.10207933932542801,0.09019607305526733,0.06962434202432632,0.0013071894645690918,0.5241830348968506,0.18039215505123138
hurricane-florence_00000308,2,Minor Damage,77,0.06580086797475815,0.04575163125991821,0.057450566440820694,0.010457515716552734,0.2679738700389862,0.14248366355895997
hurricane-michael_00000377,0,Background,58735,0.08125194162130356,0.0640522912144661,0.06303277611732483,0.0,0.6169934868812561,0.16339869797229767
hurricane-michael_00000377,1,No Damage,5486,0.0901038646697998,0.07712418586015701,0.06459427624940872,0.0,0.48758170008659363,0.17124183475971222
hurricane-michael_00000377,2,Minor Damage,1094,0.09508667886257172,0.07450980693101883,0.07438664883375168,0.0013071894645690918,0.49803921580314636,0.20130718797445296
hurricane-michael_00000377,3,Major Damage,221,0.1444355696439743,0.125490203499794,0.10042597353458405,0.011764705181121826,0.4575163424015045,0.2836601436138153
socal-fire_00001012,0,Background,65536,0.06469596922397614,0.0470588244497776,0.0582849495112896,0.0,0.6888889670372009,0.13725489377975464
hurricane-harvey_00000061,0,Background,64528,0.06920844316482544,0.06143790856003761,0.04862294718623161,0.0,0.5568627715110779,0.11633988469839096
hurricane-harvey_00000061,1,No Damage,1008,0.06749533116817474,0.04575164243578911,0.06358920782804489,0.006535947322845459,0.42222222685813904,0.13725490868091583
hurricane-florence_00000347,0,Background,61639,0.07798731327056885,0.057516347616910934,0.07208064198493958,0.0,0.5111111998558044,0.16209150850772858
hurricane-florence_00000347,1,No Damage,3897,0.09284031391143799,0.08366013318300247,0.06104784458875656,0.003921568393707275,0.43267977237701416,0.16993463039398193
hurricane-michael_00000220,0,Background,56171,0.09076973050832748,0.07450979948043823,0.0710686668753624,0.0,0.6379085183143616,0.17908495664596558
hurricane-michael_00000220,1,No Damage,6466,0.1304136961698532,0.10196077823638916,0.10488337278366089,0.0,0.7006535530090332,0.27973857522010803
hurricane-michael_00000220,2,Minor Damage,2288,0.18858037889003754,0.149673193693161,0.1483014076948166,0.0013071894645690918,0.6535947322845459,0.41960784792900085
hurricane-michael_00000220,3,Major Damage,611,0.16388648748397827,0.13071894645690918,0.12571759521961212,0.006535947322845459,0.6653594970703125,0.33986926078796387
socal-fire_00001129,0,Background,65536,0.06704500317573547,0.048366010189056396,0.06768849492073059,0.0,0.6614379286766052,0.13594771921634674
socal-fire_00000156,0,Background,60262,0.03205527737736702,0.019607841968536377,0.03937632218003273,0.0,0.5215685963630676,0.07189542800188065
socal-fire_00000156,1,No Damage,5274,0.09535469114780426,0.07320261746644974,0.07793299108743668,0.0013071894645690918,0.4457516670227051,0.20653594583272933
hurricane-michael_00000300,0,Background,62626,0.10047069191932678,0.09281045943498611,0.07112221419811249,0.0,0.7960784435272217,0.16732026636600494
hurricane-michael_00000300,1,No Damage,405,0.10992657393217087,0.09411764144897461,0.08048707246780396,0.0013071894645690918,0.4614379107952118,0.2235294133424759
hurricane-michael_00000300,2,Minor Damage,481,0.11900588870048523,0.0954248309135437,0.11213061958551407,0.0026143789291381836,0.7633986473083496,0.21568627655506134
hurricane-michael_00000300,3,Major Damage,1398,0.18547692894935608,0.1294117569923401,0.16164834797382355,0.003921568393707275,0.6000000834465027,0.43921570777893065
hurricane-michael_00000300,4,Destroyed,626,0.38734573125839233,0.46928107738494873,0.21541468799114227,0.006535947322845459,0.6823530197143555,0.615686297416687
hurricane-matthew_00000295,0,Background,65461,0.07077189534902573,0.054901961237192154,0.0568154901266098,0.0,0.7320261001586914,0.14771242439746857
hurricane-matthew_00000295,1,No Damage,75,0.11327233910560608,0.09019608050584793,0.0695115178823471,0.02091503143310547,0.2823529541492462,0.22379086911678317
midwest-flooding_00000073,0,Background,65536,0.11942960321903229,0.10326797515153885,0.07884755730628967,0.0,0.9921568036079407,0.24183006584644318
hurricane-matthew_00000353,0,Background,64801,0.07428258657455444,0.05751634016633034,0.057211123406887054,0.0,0.5856209397315979,0.15032678842544556
hurricane-matthew_00000353,1,No Damage,638,0.11246338486671448,0.0797385722398758,0.09867701679468155,0.010457515716552734,0.6300653219223022,0.23267973959445953
hurricane-matthew_00000353,2,Minor Damage,72,0.09026870131492615,0.08366012573242188,0.06073935702443123,0.006535947322845459,0.2836601436138153,0.15464051514863966
hurricane-matthew_00000353,3,Major Damage,10,0.14849673211574554,0.16339868307113647,0.05440233647823334,0.04444444552063942,0.22745101153850555,0.19686273783445357
hurricane-matthew_00000353,4,Destroyed,15,0.09028323739767075,0.08758170157670975,0.049779653549194336,0.023529410362243652,0.18692810833454132,0.16000002324581145
hurricane-michael_00000415,0,Background,62868,0.06443915516138077,0.05490196868777275,0.05022597312927246,0.0,0.6392156481742859,0.11895426362752914
hurricane-michael_00000415,1,No Damage,1524,0.08440636098384857,0.05098038911819458,0.0966189056634903,0.0,0.6784313321113586,0.19045753628015524
hurricane-michael_00000415,2,Minor Damage,618,0.07080186903476715,0.04967319965362549,0.07308017462491989,0.0013071894645690918,0.5398692488670349,0.1363398715853692
hurricane-michael_00000415,3,Major Damage,526,0.0936504378914833,0.0640522837638855,0.0910516157746315,0.0013071894645690918,0.5830065608024597,0.20915032923221588
hurricane-michael_00000345,0,Background,64379,0.0682617574930191,0.04967320337891579,0.06035329028964043,0.0,0.6980392336845398,0.1411764770746231
hurricane-michael_00000345,1,No Damage,844,0.12655732035636902,0.10326796770095825,0.09972632676362991,0.0013071894645690918,0.6457516551017761,0.24967320263385773
hurricane-michael_00000345,2,Minor Damage,230,0.11898266524076462,0.08366012573242188,0.11037898063659668,0.003921568393707275,0.5176470875740051,0.30196076929569243
hurricane-michael_00000345,3,Major Damage,83,0.15826444327831268,0.15032678842544556,0.0968070849776268,0.005228757858276367,0.38954249024391174,0.3082353055477142
socal-fire_00001353,0,Background,64663,0.0449080653488636,0.03660130500793457,0.035939037799835205,0.0,0.393464058637619,0.08888890594244003
socal-fire_00001353,1,No Damage,873,0.0648578628897667,0.05228757858276367,0.05121125653386116,0.0026143789291381836,0.32156863808631897,0.1372549206018448
socal-fire_00001185,0,Background,65009,0.03997296094894409,0.03006535768508911,0.03558770939707756,0.0,0.42222222685813904,0.08496731519699097
socal-fire_00001185,1,No Damage,510,0.06527233868837357,0.04379085451364517,0.06022997945547104,0.0,0.3163398802280426,0.14771242439746857
socal-fire_00001185,4,Destroyed,17,0.06966549903154373,0.05098038911819458,0.04488275945186615,0.013071894645690918,0.16993464529514313,0.13542482852935792
hurricane-harvey_00000159,0,Background,42235,0.09800306707620621,0.07189542800188065,0.09314591437578201,0.0,0.7228758335113525,0.2052287608385086
hurricane-harvey_00000159,1,No Damage,4565,0.08152395486831665,0.06013071537017822,0.07747744768857956,0.0013071894645690918,0.5921568870544434,0.16862744092941284
hurricane-harvey_00000159,2,Minor Damage,13575,0.20040041208267212,0.14640523493289948,0.1787937432527542,0.0,0.828758180141449,0.4588235318660736
hurricane-harvey_00000159,3,Major Damage,5161,0.10335484892129898,0.07189544290304184,0.09952598810195923,0.0,0.6666666865348816,0.23529410362243652
hurricane-harvey_00000220,0,Background,44105,0.07665003091096878,0.06666666269302368,0.05719535052776337,0.0,0.43529415130615234,0.15555556118488312
hurricane-harvey_00000220,1,No Damage,21431,0.07308647781610489,0.05751633644104004,0.06085677444934845,0.0013071894645690918,0.5751634240150452,0.15163397789001465
socal-fire_00001341,0,Background,60246,0.03229042515158653,0.020915040746331215,0.033917106688022614,0.0,0.48104581236839294,0.07189542800188065
socal-fire_00001341,1,No Damage,5290,0.058290764689445496,0.03790849447250366,0.059233542531728745,0.0,0.48758170008659363,0.13594770431518555
hurricane-harvey_00000348,0,Background,59806,0.07851091027259827,0.06143791601061821,0.06822289526462555,0.0,0.7816993594169617,0.15294119715690613
hurricane-harvey_00000348,1,No Damage,5730,0.1873868703842163,0.13071894645690918,0.17232109606266022,0.0013071894645690918,0.8300654292106628,0.4444444477558136
hurricane-harvey_00000138,0,Background,53716,0.16698558628559113,0.09542485326528549,0.16008548438549042,0.0,0.9699346423149109,0.40130719542503357
hurricane-harvey_00000138,2,Minor Damage,10446,0.1692388653755188,0.09150326251983643,0.1762646734714508,0.0,0.9163398742675781,0.46666666865348816
hurricane-harvey_00000138,3,Major Damage,1374,0.1992170214653015,0.10718953609466553,0.19137072563171387,0.0026143789291381836,0.7071895599365234,0.5329411864280701
hurricane-michael_00000537,0,Background,61852,0.05830922722816467,0.041830066591501236,0.05558471381664276,0.0,0.6169934868812561,0.1254901885986328
hurricane-michael_00000537,1,No Damage,3684,0.11991406977176666,0.10784314572811127,0.08778698742389679,0.0,0.5803921222686768,0.23137255012989044
socal-fire_00000508,0,Background,65536,0.05322667956352234,0.039215683937072754,0.047658562660217285,0.0,0.4313725531101227,0.11241830140352249
hurricane-florence_00000027,0,Background,65498,0.03355226665735245,0.0,0.05515895038843155,0.0,0.569934606552124,0.08366012573242188
hurricane-florence_00000027,1,No Damage,38,0.06088751181960106,0.037254899740219116,0.04211465269327164,0.016993463039398193,0.16993464529514313,0.10287582650780683
socal-fire_00000335,0,Background,65536,0.05704086646437645,0.04313725233078003,0.051668450236320496,0.0,0.7045751214027405,0.11633986234664917
mexico-earthquake_00000002,0,Background,43225,0.07484143227338791,0.056209150701761246,0.06594071537256241,0.0013071894645690918,0.7254902720451355,0.15555556118488312
mexico-earthquake_00000002,1,No Damage,22311,0.09336736053228378,0.07450982183218002,0.07148904353380203,0.0,0.6666666865348816,0.18562091886997223
socal-fire_00000429,0,Background,65532,0.11340124160051346,0.0640522912144661,0.11860406398773193,0.0,0.7895424962043762,0.29150328040122986
socal-fire_00000429,4,Destroyed,4,0.21078433096408844,0.23594772815704346,0.11015495657920837,0.05620916187763214,0.3150326907634735,0.3150326907634735
socal-fire_00001083,0,Background,65536,0.04897678270936012,0.04183006286621094,0.03479117527604103,0.0,0.4601307213306427,0.09542485326528549
hurricane-harvey_00000508,0,Background,50947,0.07111925631761551,0.052287597209215164,0.06101839616894722,0.0,0.5189542174339294,0.15294116735458374
hurricane-harvey_00000508,1,No Damage,2984,0.051300615072250366,0.03790849447250366,0.045582931488752365,0.0013071894645690918,0.34379085898399353,0.11071895435452497
hurricane-harvey_00000508,2,Minor Damage,4987,0.05542409420013428,0.039215683937072754,0.05330188199877739,0.0013071894645690918,0.4575163424015045,0.1176470547914505
hurricane-harvey_00000508,3,Major Damage,6618,0.0527954064309597,0.039215683937072754,0.05102322995662689,0.0,0.4601307213306427,0.10849672555923462
hurricane-michael_00000442,0,Background,64088,0.14462950825691223,0.1124182939529419,0.11613330245018005,0.0,0.6732026934623718,0.32418298721313477
hurricane-michael_00000442,1,No Damage,731,0.09144604951143265,0.0640522837638855,0.09092620760202408,0.003921568393707275,0.6013071537017822,0.20130722224712372
hurricane-michael_00000442,2,Minor Damage,42,0.20933707058429718,0.2006535828113556,0.12882019579410553,0.011764705181121826,0.47058823704719543,0.36967321038246154
hurricane-michael_00000442,3,Major Damage,640,0.15701796114444733,0.13986928761005402,0.12749752402305603,0.0,0.530718982219696,0.34392157495021825
hurricane-michael_00000442,4,Destroyed,35,0.15185807645320892,0.13594771921634674,0.08316055685281754,0.01437908411026001,0.3464052379131317,0.26431373953819276
midwest-flooding_00000237,0,Background,61869,0.07282167673110962,0.054901961237192154,0.06428210437297821,0.0,0.7058823704719543,0.14901959896087646
midwest-flooding_00000237,1,No Damage,3531,0.09874852001667023,0.08496731519699097,0.062101420015096664,0.0026143789291381836,0.42222222685813904,0.17908497154712677
midwest-flooding_00000237,2,Minor Damage,136,0.13073816895484924,0.10915032029151917,0.08145230263471603,0.00784313678741455,0.3947712481021881,0.24052287638187408
hurricane-michael_00000174,0,Background,64639,0.05776827782392502,0.04575163125991821,0.046802859753370285,0.0,0.5464052557945251,0.11503267288208008
hurricane-michael_00000174,1,No Damage,514,0.0868518128991127,0.06601306796073914,0.07899083942174911,0.006535947322845459,0.5189542174339294,0.19477124512195587
hurricane-michael_00000174,2,Minor Damage,237,0.05730123445391655,0.04575164243578911,0.0404396615922451,0.005228757858276367,0.2209150344133377,0.11633987575769425
hurricane-michael_00000174,3,Major Damage,146,0.1485719233751297,0.08627451956272125,0.13252945244312286,0.006535947322845459,0.45490196347236633,0.386274516582489
hurricane-florence_00000454,0,Background,64774,0.06137217953801155,0.047058820724487305,0.04875814542174339,0.0,0.6078431606292725,0.10718954354524612
hurricane-florence_00000454,2,Minor Damage,156,0.07075582444667816,0.059477128088474274,0.04039826989173889,0.01437909435480833,0.2980392277240753,0.11764706671237946
hurricane-florence_00000454,3,Major Damage,606,0.09399900585412979,0.07320261746644974,0.07008849829435349,0.0026143789291381836,0.4928104877471924,0.20326796919107437
midwest-flooding_00000113,0,Background,64233,0.07121900469064713,0.06143790856003761,0.05300538241863251,0.0,0.6418300867080688,0.1254901885986328
midwest-flooding_00000113,1,No Damage,1303,0.09250648319721222,0.07320261746644974,0.07230551540851593,0.0013071894645690918,0.49281045794487,0.1895424723625183
hurricane-harvey_00000335,0,Background,64466,0.130252867937088,0.1267973780632019,0.06264955550432205,0.0013071894645690918,0.8104575276374817,0.21437908709049225
hurricane-harvey_00000335,2,Minor Damage,942,0.12768688797950745,0.08366013318300247,0.12638859450817108,0.010457515716552734,0.758169949054718,0.2862745225429535
hurricane-harvey_00000335,3,Major Damage,128,0.19687500596046448,0.15555554628372192,0.15311436355113983,0.018300652503967285,0.671895444393158,0.41895424425601957
socal-fire_00000951,0,Background,65536,0.05286182835698128,0.04313725233078003,0.04183458536863327,0.0,0.45228758454322815,0.10718954354524612
socal-fire_00000160,0,Background,65536,0.03280122950673103,0.01699346862733364,0.04282032325863838,0.0,0.41960787773132324,0.09150326251983643
hurricane-matthew_00000369,0,Background,65298,0.1286894828081131,0.0954248383641243,0.10606461018323898,0.0,0.6640523076057434,0.2849673330783844
hurricane-matthew_00000369,2,Minor Damage,69,0.14869756996631622,0.11633986979722977,0.12258757650852203,0.013071899302303791,0.5254902243614197,0.33019608855247506
hurricane-matthew_00000369,3,Major Damage,85,0.09557861089706421,0.07581698894500732,0.07032328099012375,0.011764705181121826,0.3764705955982208,0.1874509692192078
hurricane-matthew_00000369,4,Destroyed,84,0.0873638316988945,0.06339868903160095,0.08876564353704453,0.010457515716552734,0.5346404910087585,0.1713725432753564
socal-fire_00000389,0,Background,64672,0.07339878380298615,0.04575163125991821,0.07649620622396469,0.0,0.741176426410675,0.18692810833454132
socal-fire_00000389,1,No Damage,543,0.08184980601072311,0.0640522837638855,0.06860972195863724,0.0,0.3660130798816681,0.18169934749603273
socal-fire_00000389,4,Destroyed,321,0.1256856620311737,0.11764705181121826,0.0761067196726799,0.006535947322845459,0.41960784792900085,0.22875815629959106
hurricane-florence_00000482,0,Background,65481,0.0670798197388649,0.044444452971220016,0.06428921222686768,0.0,0.7058823704719543,0.1568627506494522
hurricane-florence_00000482,3,Major Damage,55,0.10633394122123718,0.08104575425386429,0.08380565792322159,0.005228757858276367,0.3607843220233917,0.22535947859287264
hurricane-harvey_00000113,0,Background,65485,0.18017339706420898,0.15555554628372192,0.117887943983078,0.0013071894645690918,0.743790864944458,0.3477124273777008
hurricane-harvey_00000113,2,Minor Damage,25,0.1464574933052063,0.09934639930725098,0.14048266410827637,0.006535947322845459,0.5032679438591003,0.36653595566749575
hurricane-harvey_00000113,3,Major Damage,26,0.13323277235031128,0.09934639930725098,0.11539770662784576,0.006535952445119619,0.40784314274787903,0.3006536066532135
socal-fire_00000564,0,Background,65536,0.04054415971040726,0.018300652503967285,0.0493645966053009,0.0,0.35424837470054626,0.1111111119389534
santa-rosa-wildfire_00000209,0,Background,64201,0.0924283042550087,0.08366012573242188,0.05336505174636841,0.0,0.4745098054409027,0.16470587253570557
santa-rosa-wildfire_00000209,1,No Damage,30,0.15259261429309845,0.15751633048057556,0.0889580249786377,0.023529410362243652,0.35163402557373047,0.2734640657901764
santa-rosa-wildfire_00000209,2,Minor Damage,148,0.11429959535598755,0.11568626761436462,0.06325297057628632,0.01437908411026001,0.32941174507141113,0.2043137282133104
santa-rosa-wildfire_00000209,4,Destroyed,1157,0.1409878134727478,0.13071896135807037,0.08350521326065063,0.003921568393707275,0.5633987188339233,0.2549019753932953
hurricane-florence_00000037,0,Background,65006,0.07428397983312607,0.04444444552063942,0.07934579253196716,0.0,0.4758170545101166,0.19346408545970917
hurricane-florence_00000037,1,No Damage,530,0.042836353182792664,0.028758173808455467,0.04105529934167862,0.0013071894645690918,0.3006536066532135,0.09568629562854773
hurricane-florence_00000477,0,Background,65008,0.10625236481428146,0.10065359622240067,0.056885503232479095,0.0,0.5856209397315979,0.17777778208255768
hurricane-florence_00000477,1,No Damage,450,0.1572374850511551,0.12418300658464432,0.11914855986833572,0.013071894645690918,0.6784313321113586,0.28941177725791944
hurricane-florence_00000477,2,Minor Damage,78,0.136333167552948,0.13594770431518555,0.04813360422849655,0.04313725605607033,0.2980392277240753,0.18248366415500636
socal-fire_00000880,0,Background,58160,0.06722912192344666,0.045751649886369705,0.06238104775547981,0.0,0.5150327086448669,0.15555556118488312
socal-fire_00000880,1,No Damage,7376,0.0955437496304512,0.06013072654604912,0.09305792301893234,0.0013071894645690918,0.5712417960166931,0.2379085272550583
santa-rosa-wildfire_00000199,0,Background,53080,0.0553206130862236,0.04575163125991821,0.04267042130231857,0.0,0.5503268241882324,0.10980391502380371
santa-rosa-wildfire_00000199,1,No Damage,12456,0.04868965968489647,0.03660130500793457,0.04541996493935585,0.0,0.45490196347236633,0.10196079313755035
hurricane-michael_00000539,0,Background,60758,0.0519491583108902,0.03660130873322487,0.04810526967048645,0.0,0.5281046032905579,0.1111111119389534
hurricane-michael_00000539,1,No Damage,4604,0.051164090633392334,0.039215683937072754,0.047410305589437485,0.0,0.37254905700683594,0.09673202782869339
hurricane-michael_00000539,3,Major Damage,174,0.09858763962984085,0.07254903018474579,0.0786866620182991,0.003921568393707275,0.29150325059890747,0.23359475731849672
hurricane-harvey_00000325,0,Background,64986,0.06821318715810776,0.027450978755950928,0.08209074288606644,0.0,0.6352941393852234,0.19477124512195587
hurricane-harvey_00000325,3,Major Damage,524,0.18527168035507202,0.14771240949630737,0.14196226000785828,0.003921568393707275,0.7241830229759216,0.39882354438304896
hurricane-harvey_00000325,4,Destroyed,26,0.16370035707950592,0.16405229270458221,0.047719381749629974,0.08888890594244003,0.29150328040122986,0.21176469326019287
midwest-flooding_00000418,0,Background,65423,0.07822681963443756,0.07320261746644974,0.049285098910331726,0.0,0.7673203349113464,0.13202615082263947
midwest-flooding_00000418,1,No Damage,109,0.08192121237516403,0.0627451166510582,0.049927253276109695,0.011764705181121826,0.27712419629096985,0.12418299913406372
midwest-flooding_00000418,2,Minor Damage,4,0.07352940738201141,0.06470588594675064,0.04618260636925697,0.023529410362243652,0.14117646217346191,0.12588234543800356
hurricane-michael_00000306,0,Background,58170,0.08157112449407578,0.06143791601061821,0.06787507981061935,0.0,0.7019608020782471,0.1738562136888504
hurricane-michael_00000306,1,No Damage,2806,0.1256108582019806,0.09150326251983643,0.11159304529428482,0.0013071894645690918,0.6810457110404968,0.27843137085437775
hurricane-michael_00000306,2,Minor Damage,3668,0.11714136600494385,0.08366013318300247,0.10903887450695038,0.0013071894645690918,0.6405228972434998,0.25490195453166964
hurricane-michael_00000306,3,Major Damage,473,0.1213281974196434,0.0941176488995552,0.09242141246795654,0.003921568393707275,0.5254902243614197,0.24183006286621095
hurricane-michael_00000306,4,Destroyed,419,0.1271156221628189,0.10457515716552734,0.09608379006385803,0.0013071894645690918,0.5647059082984924,0.2556862831115722
hurricane-michael_00000137,0,Background,60180,0.08189988136291504,0.0627450942993164,0.06672690063714981,0.0,0.6614379286766052,0.16862745583057404
hurricane-michael_00000137,1,No Damage,3399,0.08358629047870636,0.06666667014360428,0.06459081172943115,0.0013071894645690918,0.43398693203926086,0.17385620176792144
hurricane-michael_00000137,2,Minor Damage,1266,0.07712522149085999,0.06666668504476547,0.0554017573595047,0.0026143789291381836,0.3189542889595032,0.1509803906083107
hurricane-michael_00000137,3,Major Damage,691,0.10534131526947021,0.09019607305526733,0.0796043649315834,0.0013071894645690918,0.543790876865387,0.2039216011762619
mexico-earthquake_00000075,0,Background,51702,0.07075834274291992,0.05228758230805397,0.06474334001541138,0.0,0.6235294342041016,0.15163397789001465
mexico-earthquake_00000075,1,No Damage,13707,0.1297009289264679,0.0954248309135437,0.11007773876190186,0.0013071894645690918,0.5699346661567688,0.2993464171886444
mexico-earthquake_00000075,2,Minor Damage,127,0.09459112584590912,0.08627451211214066,0.06542463600635529,0.010457515716552734,0.3032679855823517,0.183006551861763
hurricane-matthew_00000302,0,Background,60000,0.09462613612413406,0.06666667014360428,0.08491425216197968,0.0,0.7686274647712708,0.21045754849910736
hurricane-matthew_00000302,1,No Damage,2270,0.12328927963972092,0.08104576170444489,0.11643592268228531,0.003921568393707275,0.6522875428199768,0.2850980520248415
hurricane-matthew_00000302,2,Minor Damage,1633,0.11159700900316238,0.08366012573242188,0.09462142735719681,0.0013071894645690918,0.6588234901428223,0.24444442987442017
hurricane-matthew_00000302,3,Major Damage,1527,0.15000919997692108,0.11895426362752914,0.11502932757139206,0.0026143789291381836,0.611764669418335,0.3181699335575105
hurricane-matthew_00000302,4,Destroyed,106,0.14356887340545654,0.1267973780632019,0.09061679244041443,0.003921568393707275,0.3921568691730499,0.27973857522010803
hurricane-michael_00000283,0,Background,60436,0.08000639826059341,0.06143790856003761,0.06595823168754578,0.0,0.7189542651176453,0.16862744092941284
hurricane-michael_00000283,1,No Damage,2295,0.10691045224666595,0.0784313753247261,0.09750188887119293,0.0026143789291381836,0.5882353186607361,0.2235294073820114
hurricane-michael_00000283,2,Minor Damage,1413,0.0992908924818039,0.07581698894500732,0.09067588299512863,0.0,0.6052287817001343,0.20366013348102563
hurricane-michael_00000283,3,Major Damage,971,0.09569139778614044,0.07843136787414551,0.07085200399160385,0.0013071894645690918,0.42352941632270813,0.19346405565738678
hurricane-michael_00000283,4,Destroyed,421,0.17379410564899445,0.142483651638031,0.129615917801857,0.006535947322845459,0.6091503500938416,0.37254905700683594
mexico-earthquake_00000088,0,Background,44661,0.07164084166288376,0.05228758975863457,0.06329049170017242,0.0,0.5882353186607361,0.15424835681915283
mexico-earthquake_00000088,1,No Damage,20750,0.09405464679002762,0.07320261001586914,0.078847236931324,0.0,0.6274510025978088,0.19607841968536377
mexico-earthquake_00000088,2,Minor Damage,51,0.0825323686003685,0.0627450942993164,0.06422650814056396,0.013071894645690918,0.2849673330783844,0.16862745583057404
mexico-earthquake_00000088,3,Major Damage,74,0.08514396846294403,0.06339868903160095,0.0625062957406044,0.005228757858276367,0.29411765933036804,0.16980392634868627
socal-fire_00000286,0,Background,59000,0.0418802872300148,0.027450988069176674,0.04200012609362602,0.0,0.5477123856544495,0.09411764144897461
socal-fire_00000286,1,No Damage,6536,0.05740274116396904,0.03660130500793457,0.05927439406514168,0.0,0.5111110806465149,0.14117646217346191
socal-fire_00000579,0,Background,65469,0.03742620348930359,0.026143794879317284,0.032475657761096954,0.0,0.29411765933036804,0.08104574680328369
socal-fire_00000579,1,No Damage,67,0.0868208110332489,0.09673204272985458,0.030614817515015602,0.022222230210900307,0.13594771921634674,0.11790851205587387
socal-fire_00001229,0,Background,65536,0.06420396268367767,0.05359477177262306,0.046440571546554565,0.0,0.8418300747871399,0.125490203499794
palu-tsunami_00000133,0,Background,62585,0.013818968087434769,0.0,0.04354782775044441,0.0,0.630065381526947,0.048366013914346695
palu-tsunami_00000133,1,No Damage,2914,0.08859372138977051,0.0627450942993164,0.08158461004495621,0.0013071894645690918,0.4614379107952118,0.19738561958074569
palu-tsunami_00000133,4,Destroyed,37,0.11079315096139908,0.08366013318300247,0.07455621659755707,0.013071894645690918,0.256209135055542,0.21385620236396788
hurricane-florence_00000542,0,Background,65536,0.08670812100172043,0.04967320337891579,0.11058054119348526,0.0,0.6666666865348816,0.22614378482103348
hurricane-florence_00000275,0,Background,65536,0.1001519113779068,0.07058823108673096,0.08314992487430573,0.0,0.413071870803833,0.2124183103442192
socal-fire_00000798,0,Background,60903,0.0453995056450367,0.032679736614227295,0.041683927178382874,0.0,0.40130719542503357,0.09934639930725098
socal-fire_00000798,1,No Damage,4633,0.06604848057031631,0.043137263506650925,0.06569486111402512,0.0,0.48627451062202454,0.15163399279117584
socal-fire_00000668,0,Background,56326,0.05635116249322891,0.03921568766236305,0.05335891246795654,0.0,0.6732025742530823,0.12418302148580551
socal-fire_00000668,1,No Damage,9210,0.0665830746293068,0.04052288457751274,0.06942165642976761,0.0,0.46666669845581055,0.1594771146774292
hurricane-michael_00000188,0,Background,62325,0.35228192806243896,0.3660130798816681,0.20191632211208344,0.0,0.9869281649589539,0.5764706134796143
hurricane-michael_00000188,1,No Damage,110,0.08565657585859299,0.06143791228532791,0.06752392649650574,0.009150326251983643,0.3163398504257202,0.18052287846803666
hurricane-michael_00000188,2,Minor Damage,2028,0.11433138698339462,0.0797385573387146,0.10564297437667847,0.0026143789291381836,0.615686297416687,0.2679738700389862
hurricane-michael_00000188,3,Major Damage,1060,0.15113085508346558,0.1124182939529419,0.12249508500099182,0.0026143789291381836,0.5241829752922058,0.3464052379131317
hurricane-michael_00000188,4,Destroyed,13,0.2924082577228546,0.2836601436138153,0.11362477391958237,0.04967319965362549,0.487581729888916,0.4284967660903931
socal-fire_00000602,0,Background,65536,0.06671322137117386,0.04967319965362549,0.05526959151029587,0.0,0.4758169949054718,0.14901959896087646
hurricane-harvey_00000249,0,Background,57255,0.0553952232003212,0.0313725508749485,0.06615885347127914,0.0,0.6078431606292725,0.14771242439746857
hurricane-harvey_00000249,1,No Damage,8281,0.057279400527477264,0.04313725233078003,0.05147900804877281,0.0013071894645690918,0.4562091529369354,0.11241830140352249
palu-tsunami_00000026,0,Background,62187,0.0436810739338398,0.0313725546002388,0.04110928624868393,0.0013071894645690918,0.5686274766921997,0.061437904834747314
palu-tsunami_00000026,3,Major Damage,509,0.07765579968690872,0.05098038911819458,0.06946507841348648,0.0026143789291381836,0.393464058637619,0.18640523254871363
palu-tsunami_00000026,4,Destroyed,2840,0.1216965913772583,0.11241831630468369,0.07581914216279984,0.0026143789291381836,0.4156862795352936,0.22745101153850555
hurricane-michael_00000109,0,Background,59627,0.07266931980848312,0.058823537081480026,0.05976556986570358,0.0,0.569934606552124,0.13594771921634674
hurricane-michael_00000109,1,No Damage,4948,0.08854412287473679,0.0797385573387146,0.060029592365026474,0.0,0.5281046032905579,0.16470587253570557
hurricane-michael_00000109,2,Minor Damage,961,0.08656831830739975,0.07320261001586914,0.06552227586507797,0.003921568393707275,0.46666669845581055,0.16862744092941284
hurricane-florence_00000451,0,Background,64666,0.15165485441684723,0.1437908411026001,0.09914512932300568,0.0,0.601307213306427,0.2862745225429535
hurricane-florence_00000451,1,No Damage,534,0.10102812945842743,0.08366014063358307,0.06382139027118683,0.003921568393707275,0.32549017667770386,0.19045754075050353
hurricane-florence_00000451,2,Minor Damage,100,0.08666665852069855,0.05228757858276367,0.08343730866909027,0.0013071894645690918,0.4000000059604645,0.23189542591571813
hurricane-florence_00000451,3,Major Damage,236,0.10516783595085144,0.09084966778755188,0.06299227476119995,0.013071894645690918,0.3346405327320099,0.19411764293909073
socal-fire_00000807,0,Background,65536,0.02072731964290142,0.00784313678741455,0.02786574326455593,0.0,0.1581699401140213,0.05620915815234184
hurricane-florence_00000453,0,Background,65297,0.14276933670043945,0.13202615082263947,0.11331243067979813,0.0,0.8248365521430969,0.2875816822052002
hurricane-florence_00000453,3,Major Damage,239,0.0954248383641243,0.0640522837638855,0.10037054121494293,0.0,0.5816993713378906,0.20339871644973773
hurricane-matthew_00000176,0,Background,65255,0.08145806938409805,0.062745101749897,0.06912196427583694,0.0,0.5673202872276306,0.16993464529514313
hurricane-matthew_00000176,2,Minor Damage,62,0.11343031376600266,0.09934639930725098,0.06309919059276581,0.018300652503967285,0.27450981736183167,0.21477123349905014
hurricane-matthew_00000176,3,Major Damage,50,0.12643137574195862,0.12222222983837128,0.07051220536231995,0.026143789291381836,0.27450981736183167,0.2253594771027565
hurricane-matthew_00000176,4,Destroyed,169,0.08280929923057556,0.06143790856003761,0.06242120638489723,0.006535947322845459,0.2705882489681244,0.18588235676288606
hurricane-florence_00000529,0,Background,64434,0.09522609412670135,0.08758169412612915,0.05217893421649933,0.005228757858276367,0.40392160415649414,0.16732025146484375
hurricane-florence_00000529,1,No Damage,876,0.0942012146115303,0.07058823108673096,0.0772472620010376,0.006535947322845459,0.44967320561408997,0.20196077227592468
hurricane-florence_00000529,3,Major Damage,226,0.09453988075256348,0.08954247832298279,0.07262749969959259,0.010457515716552734,0.4117647111415863,0.1882352977991104
socal-fire_00000175,0,Background,65536,0.07707850635051727,0.06535947322845459,0.056957803666591644,0.0,0.46666669845581055,0.15424836426973343
hurricane-florence_00000387,0,Background,61708,0.08911305665969849,0.05751634016633034,0.08136678487062454,0.0,0.6535947918891907,0.21960783004760742
hurricane-florence_00000387,1,No Damage,3828,0.05832257494330406,0.039215683937072754,0.056614845991134644,0.0013071894645690918,0.48627451062202454,0.13986927270889282
hurricane-harvey_00000506,0,Background,59119,0.05787111073732376,0.0235294159501791,0.07449682801961899,0.0,0.644444465637207,0.1895424872636795
hurricane-harvey_00000506,3,Major Damage,6417,0.06107347831130028,0.04444444179534912,0.060909371823072433,0.0,0.5790849328041077,0.128104567527771
socal-fire_00000349,0,Background,65536,0.05167024955153465,0.043137263506650925,0.03679540753364563,0.0,0.4601307213306427,0.10065359622240067
socal-fire_00000126,0,Background,61098,0.044021379202604294,0.024836599826812744,0.05778565630316734,0.0,0.7098038792610168,0.09803921729326248
socal-fire_00000126,1,No Damage,4438,0.13851290941238403,0.10457515716552734,0.11653105169534683,0.0013071894645690918,0.6745098233222961,0.3176470696926117
santa-rosa-wildfire_00000334,0,Background,65536,0.10845671594142914,0.09150326251983643,0.07167457789182663,0.0,0.5960784554481506,0.21176470816135406
socal-fire_00000705,0,Background,65536,0.0898730680346489,0.06928106397390366,0.06873143464326859,0.0,0.46928107738494873,0.19477123022079468
hurricane-florence_00000344,0,Background,65147,0.06450334191322327,0.06535948067903519,0.03085462749004364,0.0,0.5189542770385742,0.09934639930725098
hurricane-florence_00000344,1,No Damage,165,0.06790255010128021,0.05490196868777275,0.05735844746232033,0.006535947322845459,0.3764706552028656,0.11712417900562286
hurricane-florence_00000344,2,Minor Damage,197,0.09738893061876297,0.07712418586015701,0.0791545882821083,0.0026143789291381836,0.4575163424015045,0.19712417125701906
hurricane-florence_00000344,3,Major Damage,27,0.17322681844234467,0.1738561987876892,0.06344059854745865,0.03006535768508911,0.3071895241737366,0.261176472902298
hurricane-florence_00000389,0,Background,64452,0.23532834649085999,0.16993463039398193,0.20012226700782776,0.0,0.8705882430076599,0.572549045085907
hurricane-florence_00000389,3,Major Damage,1084,0.10697006434202194,0.08366012573242188,0.0806172713637352,0.0,0.4457516372203827,0.22875815629959106
mexico-earthquake_00000072,0,Background,61443,0.06035146489739418,0.048366010189056396,0.04649124667048454,0.0,0.4614379405975342,0.12026143819093704
mexico-earthquake_00000072,1,No Damage,4093,0.08913736790418625,0.07320261746644974,0.0661889985203743,0.0013071894645690918,0.47058823704719543,0.18169935047626495
hurricane-florence_00000408,0,Background,62136,0.05781353637576103,0.04313725605607033,0.05280808359384537,0.0,0.5333333611488342,0.1124182939529419
hurricane-florence_00000408,1,No Damage,2796,0.08298081904649734,0.061437904834747314,0.07918673008680344,0.001307199359871447,0.6313725113868713,0.17124182730913162
hurricane-florence_00000408,2,Minor Damage,158,0.11333663761615753,0.1098039299249649,0.06306684017181396,0.00784313678741455,0.25882354378700256,0.20300652384757997
hurricane-florence_00000408,3,Major Damage,446,0.06715612858533859,0.049673210829496384,0.059228695929050446,0.003921568393707275,0.3202614486217499,0.15294117480516434
socal-fire_00000420,0,Background,65532,0.06256216019392014,0.04967319965362549,0.04999810829758644,0.0,0.5281046032905579,0.1294117569923401
socal-fire_00000420,4,Destroyed,4,0.03562092036008835,0.02810457907617092,0.02552160806953907,0.009150326251983643,0.0771242007613182,0.06418302170932294
socal-fire_00000669,0,Background,64769,0.049089670181274414,0.03529411554336548,0.043708235025405884,0.0,0.6392156481742859,0.10718954354524612
socal-fire_00000669,1,No Damage,767,0.04823818802833557,0.03006535768508911,0.047975413501262665,0.003921568393707275,0.3163398802280426,0.10849672555923462
hurricane-florence_00000395,0,Background,64445,0.11897557228803635,0.061437904834747314,0.12421245872974396,0.0013071894645690918,0.6771242022514343,0.27843138575553894
hurricane-florence_00000395,3,Major Damage,1091,0.1105024442076683,0.07450980693101883,0.09389535337686539,0.0026143789291381836,0.5999999642372131,0.2366013079881668
hurricane-matthew_00000400,0,Background,64172,0.11644358932971954,0.0941176488995552,0.09115564078092575,0.0013071894645690918,0.7267974019050598,0.24836599826812744
hurricane-matthew_00000400,3,Major Damage,340,0.1265244036912918,0.10196079313755035,0.09390708059072495,0.00784313678741455,0.6470587849617004,0.25163399875164044
hurricane-matthew_00000400,4,Destroyed,1024,0.1069878488779068,0.0797385573387146,0.08911215513944626,0.0026143789291381836,0.6039215922355652,0.22745100259780884
hurricane-michael_00000519,0,Background,56217,0.09597073495388031,0.08366012573242188,0.06639104336500168,0.0,0.6418300867080688,0.1921568512916565
hurricane-michael_00000519,1,No Damage,7241,0.13311724364757538,0.10718953609466553,0.0981866642832756,0.0013071894645690918,0.5725489854812622,0.2967320382595062
hurricane-michael_00000519,2,Minor Damage,1205,0.14054836332798004,0.11895426362752914,0.09379280358552933,0.006535947322845459,0.5647059082984924,0.28705883622169515
hurricane-michael_00000519,3,Major Damage,646,0.11745887249708176,0.0954248458147049,0.08607259392738342,0.003921568393707275,0.3960784375667572,0.24183005839586258
hurricane-michael_00000519,4,Destroyed,227,0.08165615797042847,0.07581701129674911,0.05054200813174248,0.005228757858276367,0.265359491109848,0.15320260524749757
hurricane-matthew_00000200,0,Background,65336,0.07410109788179398,0.05882352963089943,0.0627693384885788,0.0,0.7032680511474609,0.1437908411026001
hurricane-matthew_00000200,2,Minor Damage,9,0.06986203044652939,0.0771242007613182,0.0369066558778286,0.016993463039398193,0.125490203499794,0.1150326818227768
hurricane-matthew_00000200,3,Major Damage,25,0.08773857355117798,0.06535948067903519,0.05367228388786316,0.02091503143310547,0.21437911689281464,0.16549020707607273
hurricane-matthew_00000200,4,Destroyed,166,0.12224584817886353,0.10130719095468521,0.08883974701166153,0.009150326251983643,0.5751634240150452,0.24313725531101227
hurricane-harvey_00000492,0,Background,48275,0.08076861500740051,0.057516347616910934,0.07520462572574615,0.0,0.6666666865348816,0.18300652503967285
hurricane-harvey_00000492,1,No Damage,12012,0.07123246788978577,0.046405233442783356,0.07280032336711884,0.0,0.4954248368740082,0.1594771146774292
hurricane-harvey_00000492,2,Minor Damage,3480,0.20023253560066223,0.15163399279117584,0.16567496955394745,0.003921568393707275,0.6679738163948059,0.4576470613479613
hurricane-harvey_00000492,3,Major Damage,1769,0.10214699804782867,0.06666666269302368,0.100651815533638,0.0026143789291381836,0.5555555820465088,0.24836601912975312
socal-fire_00000028,0,Background,63060,0.021353023126721382,0.011764705181121826,0.028691940009593964,0.0,0.47058820724487305,0.047058820724487305
socal-fire_00000028,1,No Damage,2476,0.07773078233003616,0.05228758975863457,0.07245805114507675,0.0026143789291381836,0.4104575216770172,0.18169935047626495
socal-fire_00000516,0,Background,65404,0.08722202479839325,0.07581699639558792,0.06300604343414307,0.0,0.5660130381584167,0.17124183475971222
socal-fire_00000516,4,Destroyed,132,0.1690433919429779,0.1555555760860443,0.11115238815546036,0.00784313678741455,0.5084967017173767,0.3185620754957199
palu-tsunami_00000164,0,Background,57069,0.061335932463407516,0.03790849819779396,0.06214006245136261,0.0,0.6392157077789307,0.14640523493289948
palu-tsunami_00000164,1,No Damage,6439,0.053562894463539124,0.036601316183805466,0.05216069519519806,0.0,0.4627451002597809,0.11633989214897156
palu-tsunami_00000164,3,Major Damage,1180,0.06958901137113571,0.05751633644104004,0.0595516711473465,0.0026143789291381836,0.5006535649299622,0.1294117569923401
palu-tsunami_00000164,4,Destroyed,848,0.0533774197101593,0.03660130500793457,0.05193368345499039,0.0013071894645690918,0.37516340613365173,0.11803923621773729
hurricane-michael_00000443,0,Background,55855,0.08061567693948746,0.06535949558019638,0.06013570353388786,0.0,0.5908496975898743,0.1594771146774292
hurricane-michael_00000443,1,No Damage,7100,0.09769511222839355,0.08496733754873276,0.07049769908189774,0.0,0.5398692488670349,0.18169935047626495
hurricane-michael_00000443,2,Minor Damage,2145,0.08894739300012589,0.07581699639558792,0.06202193722128868,0.0013071894645690918,0.4313725531101227,0.17124183475971222
hurricane-michael_00000443,3,Major Damage,393,0.09165626764297485,0.08235295861959457,0.060116350650787354,0.00784313678741455,0.40653595328330994,0.15869280397892002
hurricane-michael_00000443,4,Destroyed,43,0.0829305425286293,0.05882352590560913,0.06867082417011261,0.00784313678741455,0.265359491109848,0.1840522974729538
santa-rosa-wildfire_00000182,0,Background,64690,0.06853648275136948,0.05359477177262306,0.05472172051668167,0.0,0.5647059082984924,0.13594771921634674
santa-rosa-wildfire_00000182,1,No Damage,846,0.11421684175729752,0.06862744688987732,0.12634378671646118,0.0013071894645690918,0.658823549747467,0.3150326758623123
